id_solicitud,prob_default
500000,0.0071174377224199285
500001,0.09887640449438202
500002,0.49212598425196863
500003,0.09887640449438202
500004,0.2662993572084481
500005,0.03296703296703297
500006,0.22627737226277372
500007,0.0071174377224199285
500008,0.0710172744721689
500009,0.09887640449438202
500010,0.256
500011,0.03548153511947864
500012,0.011098130841121495
500013,0.2662993572084481
500014,0.09887640449438202
500015,0.2662993572084481
500016,0.0015151515151515152
500017,0.03548153511947864
500018,0.09887640449438202
500019,0.0071174377224199285
500020,0.011098130841121495
500021,0.0015151515151515152
500022,0.11844484629294756
500023,0.23397435897435898
500024,0.04081632653061224
500025,0.11844484629294756
500026,0.04798464491362764
500027,0.0071174377224199285
500028,0.03548153511947864
500029,0.6582278481012658
500030,0.0071174377224199285
500031,0.09887640449438202
500032,0.011098130841121495
500033,0.008130081300813009
500034,0.0325
500035,0.2662993572084481
500036,0.06825938566552901
500037,0.04798464491362764
500038,0.2662993572084481
500039,0.04798464491362764
500040,0.2662993572084481
500041,0.2662993572084481
500042,0.0325
500043,0.03548153511947864
500044,0.023809523809523808
500045,0.0710172744721689
500046,0.0071174377224199285
500047,0.09142857142857143
500048,0.1518987341772152
500049,0.03548153511947864
500050,0.11844484629294756
500051,0.6582278481012658
500052,0.09887640449438202
500053,0.011098130841121495
500054,0.344139650872818
500055,0.344139650872818
500056,0.7222222222222222
500057,0.344139650872818
500058,0.2662993572084481
500059,0.04081632653061224
500060,0.09142857142857143
500061,0.04798464491362764
500062,0.011098130841121495
500063,0.15853658536585366
500064,0.11844484629294756
500065,0.09142857142857143
500066,0.06593406593406594
500067,0.2662993572084481
500068,0.023809523809523808
500069,0.1493670886075949
500070,0.15853658536585366
500071,0.023809523809523808
500072,0.11844484629294756
500073,0.09887640449438202
500074,0.02127659574468085
500075,0.023809523809523808
500076,0.5946745562130178
500077,0.011098130841121495
500078,0.2662993572084481
500079,0.008130081300813009
500080,0.0071174377224199285
500081,0.09887640449438202
500082,0.04081632653061224
500083,0.2662993572084481
500084,0.22627737226277372
500085,0.23397435897435898
500086,0.04798464491362764
500087,0.0710172744721689
500088,0.22627737226277372
500089,0.2662993572084481
500090,0.09142857142857143
500091,0.0071174377224199285
500092,0.011098130841121495
500093,0.15853658536585366
500094,0.5946745562130178
500095,0.011098130841121495
500096,0.1493670886075949
500097,0.5946745562130178
500098,0.3975409836065574
500099,0.37572254335260113
500100,0.15853658536585366
500101,0.05263157894736842
500102,0.22627737226277372
500103,0.023809523809523808
500104,0.0071174377224199285
500105,0.11844484629294756
500106,0.11844484629294756
500107,0.11844484629294756
500108,0.2662993572084481
500109,0.011098130841121495
500110,0.1493670886075949
500111,0.2662993572084481
500112,0.0710172744721689
500113,0.344139650872818
500114,0.0028011204481792717
500115,0.1493670886075949
500116,0.0710172744721689
500117,0.6582278481012658
500118,0.023809523809523808
500119,0.11844484629294756
500120,0.0325
500121,0.0071174377224199285
500122,0.011098130841121495
500123,0.04798464491362764
500124,0.11844484629294756
500125,0.1518987341772152
500126,0.0015151515151515152
500127,0.0071174377224199285
500128,0.22627737226277372
500129,0.11844484629294756
500130,0.2662993572084481
500131,0.18421052631578946
500132,0.6582278481012658
500133,0.49212598425196863
500134,0.09142857142857143
500135,0.011098130841121495
500136,0.22627737226277372
500137,0.06593406593406594
500138,0.023809523809523808
500139,0.1493670886075949
500140,0.0325
500141,0.2662993572084481
500142,0.04081632653061224
500143,0.011098130841121495
500144,0.0015151515151515152
500145,0.0071174377224199285
500146,0.011098130841121495
500147,0.45614035087719296
500148,0.03548153511947864
500149,0.11844484629294756
500150,0.03548153511947864
500151,0.11844484629294756
500152,0.023809523809523808
500153,0.0325
500154,0.23397435897435898
500155,0.2662993572084481
500156,0.11844484629294756
500157,0.05263157894736842
500158,0.023809523809523808
500159,0.2662993572084481
500160,0.011098130841121495
500161,0.43805309734513276
500162,0.09887640449438202
500163,0.3975409836065574
500164,0.2662993572084481
500165,0.0028011204481792717
500166,0.344139650872818
500167,0.3975409836065574
500168,0.02127659574468085
500169,0.008130081300813009
500170,0.03548153511947864
500171,0.023809523809523808
500172,0.0071174377224199285
500173,0.0325
500174,0.03548153511947864
500175,0.011098130841121495
500176,0.02127659574468085
500177,0.18421052631578946
500178,0.04798464491362764
500179,0.3975409836065574
500180,0.09887640449438202
500181,0.04798464491362764
500182,0.04081632653061224
500183,0.09887640449438202
500184,0.023809523809523808
500185,0.0325
500186,0.2662993572084481
500187,0.011098130841121495
500188,0.008130081300813009
500189,0.03548153511947864
500190,0.23397435897435898
500191,0.03548153511947864
500192,0.03296703296703297
500193,0.04798464491362764
500194,0.07920792079207921
500195,0.11844484629294756
500196,0.2662993572084481
500197,0.23397435897435898
500198,0.43805309734513276
500199,0.15853658536585366
500200,0.1493670886075949
500201,0.18421052631578946
500202,0.011098130841121495
500203,0.008130081300813009
500204,0.6582278481012658
500205,0.18421052631578946
500206,0.43805309734513276
500207,0.11844484629294756
500208,0.011098130841121495
500209,0.09887640449438202
500210,0.04798464491362764
500211,0.06310679611650485
500212,0.03548153511947864
500213,0.5946745562130178
500214,0.6058823529411764
500215,0.07920792079207921
500216,0.344139650872818
500217,0.09887640449438202
500218,0.2662993572084481
500219,0.3975409836065574
500220,0.09887640449438202
500221,0.03548153511947864
500222,0.0015151515151515152
500223,0.008130081300813009
500224,0.03548153511947864
500225,0.11844484629294756
500226,0.3975409836065574
500227,0.0071174377224199285
500228,0.03548153511947864
500229,0.0325
500230,0.11844484629294756
500231,0.15853658536585366
500232,0.008130081300813009
500233,0.03548153511947864
500234,0.0071174377224199285
500235,0.07920792079207921
500236,0.22627737226277372
500237,0.0071174377224199285
500238,0.0071174377224199285
500239,0.2662993572084481
500240,0.5946745562130178
500241,0.011098130841121495
500242,0.1493670886075949
500243,0.03296703296703297
500244,0.03548153511947864
500245,0.04798464491362764
500246,0.06593406593406594
500247,0.18421052631578946
500248,0.13559322033898305
500249,0.6058823529411764
500250,0.011098130841121495
500251,0.22627737226277372
500252,0.0015151515151515152
500253,0.43805309734513276
500254,0.011098130841121495
500255,0.011098130841121495
500256,0.008130081300813009
500257,0.04798464491362764
500258,0.04081632653061224
500259,0.0015151515151515152
500260,0.03548153511947864
500261,0.49212598425196863
500262,0.008130081300813009
500263,0.7222222222222222
500264,0.023809523809523808
500265,0.2662993572084481
500266,0.03296703296703297
500267,0.0071174377224199285
500268,0.04798464491362764
500269,0.14396887159533073
500270,0.37572254335260113
500271,0.0071174377224199285
500272,0.0071174377224199285
500273,0.008130081300813009
500274,0.0325
500275,0.011098130841121495
500276,0.09142857142857143
500277,0.23397435897435898
500278,0.008130081300813009
500279,0.0710172744721689
500280,0.023809523809523808
500281,0.06310679611650485
500282,0.344139650872818
500283,0.03548153511947864
500284,0.04081632653061224
500285,0.0071174377224199285
500286,0.15853658536585366
500287,0.09142857142857143
500288,0.2662993572084481
500289,0.6058823529411764
500290,0.11844484629294756
500291,0.0015151515151515152
500292,0.2662993572084481
500293,0.2662993572084481
500294,0.04081632653061224
500295,0.04798464491362764
500296,0.023809523809523808
500297,0.45614035087719296
500298,0.04798464491362764
500299,0.11844484629294756
500300,0.11844484629294756
500301,0.04798464491362764
500302,0.0071174377224199285
500303,0.0015151515151515152
500304,0.008130081300813009
500305,0.04798464491362764
500306,0.2662993572084481
500307,0.0071174377224199285
500308,0.06825938566552901
500309,0.5757575757575758
500310,0.2662993572084481
500311,0.14396887159533073
500312,0.04798464491362764
500313,0.1493670886075949
500314,0.04798464491362764
500315,0.04798464491362764
500316,0.0071174377224199285
500317,0.008130081300813009
500318,0.0071174377224199285
500319,0.0071174377224199285
500320,0.15853658536585366
500321,0.008130081300813009
500322,0.0071174377224199285
500323,0.11844484629294756
500324,0.09887640449438202
500325,0.03548153511947864
500326,0.011098130841121495
500327,0.0028011204481792717
500328,0.011098130841121495
500329,0.0015151515151515152
500330,0.1493670886075949
500331,0.011098130841121495
500332,0.023809523809523808
500333,0.03548153511947864
500334,0.011098130841121495
500335,0.03548153511947864
500336,0.03548153511947864
500337,0.49212598425196863
500338,0.09142857142857143
500339,0.008130081300813009
500340,0.49212598425196863
500341,0.1493670886075949
500342,0.11844484629294756
500343,0.344139650872818
500344,0.14396887159533073
500345,0.11844484629294756
500346,0.011098130841121495
500347,0.011098130841121495
500348,0.0325
500349,0.1493670886075949
500350,0.008130081300813009
500351,0.008130081300813009
500352,0.344139650872818
500353,0.06310679611650485
500354,0.011098130841121495
500355,0.0028011204481792717
500356,0.5946745562130178
500357,0.04798464491362764
500358,0.11844484629294756
500359,0.1493670886075949
500360,0.37572254335260113
500361,0.011098130841121495
500362,0.02127659574468085
500363,0.11844484629294756
500364,0.0710172744721689
500365,0.04081632653061224
500366,0.011098130841121495
500367,0.011098130841121495
500368,0.2662993572084481
500369,0.7222222222222222
500370,0.0325
500371,0.1493670886075949
500372,0.2662993572084481
500373,0.03548153511947864
500374,0.1493670886075949
500375,0.07920792079207921
500376,0.09142857142857143
500377,0.11844484629294756
500378,0.1493670886075949
500379,0.0071174377224199285
500380,0.6058823529411764
500381,0.0710172744721689
500382,0.008130081300813009
500383,0.0325
500384,0.09142857142857143
500385,0.04798464491362764
500386,0.09142857142857143
500387,0.1493670886075949
500388,0.008130081300813009
500389,0.0015151515151515152
500390,0.023809523809523808
500391,0.011098130841121495
500392,0.04798464491362764
500393,0.09142857142857143
500394,0.43805309734513276
500395,0.0325
500396,0.09887640449438202
500397,0.04798464491362764
500398,0.11844484629294756
500399,0.011098130841121495
500400,0.1518987341772152
500401,0.09142857142857143
500402,0.011098130841121495
500403,0.0015151515151515152
500404,0.0325
500405,0.11844484629294756
500406,0.0015151515151515152
500407,0.0071174377224199285
500408,0.04798464491362764
500409,0.03548153511947864
500410,0.1493670886075949
500411,0.5946745562130178
500412,0.15853658536585366
500413,0.5946745562130178
500414,0.04798464491362764
500415,0.008130081300813009
500416,0.09887640449438202
500417,0.06825938566552901
500418,0.09142857142857143
500419,0.04081632653061224
500420,0.008130081300813009
500421,0.09142857142857143
500422,0.0710172744721689
500423,0.011098130841121495
500424,0.11844484629294756
500425,0.09142857142857143
500426,0.344139650872818
500427,0.0071174377224199285
500428,0.1493670886075949
500429,0.0071174377224199285
500430,0.011098130841121495
500431,0.0325
500432,0.06825938566552901
500433,0.011098130841121495
500434,0.09887640449438202
500435,0.2662993572084481
500436,0.011098130841121495
500437,0.04798464491362764
500438,0.011098130841121495
500439,0.03548153511947864
500440,0.0325
500441,0.07920792079207921
500442,0.2662993572084481
500443,0.011098130841121495
500444,0.09142857142857143
500445,0.011098130841121495
500446,0.2662993572084481
500447,0.0071174377224199285
500448,0.5757575757575758
500449,0.023809523809523808
500450,0.0071174377224199285
500451,0.023809523809523808
500452,0.0325
500453,0.09887640449438202
500454,0.06310679611650485
500455,0.04798464491362764
500456,0.09142857142857143
500457,0.0015151515151515152
500458,0.11844484629294756
500459,0.11844484629294756
500460,0.011098130841121495
500461,0.011098130841121495
500462,0.09142857142857143
500463,0.3975409836065574
500464,0.011098130841121495
500465,0.344139650872818
500466,0.06593406593406594
500467,0.1493670886075949
500468,0.03548153511947864
500469,0.0028011204481792717
500470,0.03296703296703297
500471,0.09142857142857143
500472,0.09887640449438202
500473,0.09142857142857143
500474,0.023809523809523808
500475,0.008130081300813009
500476,0.07920792079207921
500477,0.011098130841121495
500478,0.04798464491362764
500479,0.14396887159533073
500480,0.2662993572084481
500481,0.03296703296703297
500482,0.02127659574468085
500483,0.03548153511947864
500484,0.09142857142857143
500485,0.008130081300813009
500486,0.45614035087719296
500487,0.5946745562130178
500488,0.0821917808219178
500489,0.15853658536585366
500490,0.03548153511947864
500491,0.0015151515151515152
500492,0.04081632653061224
500493,0.0071174377224199285
500494,0.09887640449438202
500495,0.04798464491362764
500496,0.0710172744721689
500497,0.0071174377224199285
500498,0.2662993572084481
500499,0.49212598425196863
500500,0.0325
500501,0.023809523809523808
500502,0.03548153511947864
500503,0.2662993572084481
500504,0.011098130841121495
500505,0.1493670886075949
500506,0.7222222222222222
500507,0.023809523809523808
500508,0.11844484629294756
500509,0.0028011204481792717
500510,0.18421052631578946
500511,0.0325
500512,0.14396887159533073
500513,0.0028011204481792717
500514,0.344139650872818
500515,0.04081632653061224
500516,0.09887640449438202
500517,0.1493670886075949
500518,0.06825938566552901
500519,0.7222222222222222
500520,0.023809523809523808
500521,0.04798464491362764
500522,0.3975409836065574
500523,0.04798464491362764
500524,0.0071174377224199285
500525,0.2662993572084481
500526,0.0071174377224199285
500527,0.0015151515151515152
500528,0.0710172744721689
500529,0.011098130841121495
500530,0.0821917808219178
500531,0.011098130841121495
500532,0.09887640449438202
500533,0.011098130841121495
500534,0.11844484629294756
500535,0.09142857142857143
500536,0.13559322033898305
500537,0.011098130841121495
500538,0.38461538461538464
500539,0.0015151515151515152
500540,0.0071174377224199285
500541,0.0071174377224199285
500542,0.49212598425196863
500543,0.2662993572084481
500544,0.2662993572084481
500545,0.38461538461538464
500546,0.011098130841121495
500547,0.5946745562130178
500548,0.14396887159533073
500549,0.11844484629294756
500550,0.04798464491362764
500551,0.0071174377224199285
500552,0.09887640449438202
500553,0.04798464491362764
500554,0.11844484629294756
500555,0.011098130841121495
500556,0.0015151515151515152
500557,0.11844484629294756
500558,0.0710172744721689
500559,0.09142857142857143
500560,0.03296703296703297
500561,0.04081632653061224
500562,0.0028011204481792717
500563,0.011098130841121495
500564,0.0325
500565,0.011098130841121495
500566,0.11844484629294756
500567,0.011098130841121495
500568,0.0325
500569,0.011098130841121495
500570,0.11844484629294756
500571,0.11844484629294756
500572,0.11844484629294756
500573,0.09887640449438202
500574,0.09142857142857143
500575,0.06310679611650485
500576,0.0071174377224199285
500577,0.04798464491362764
500578,0.6058823529411764
500579,0.04798464491362764
500580,0.023809523809523808
500581,0.011098130841121495
500582,0.2662993572084481
500583,0.011098130841121495
500584,0.0015151515151515152
500585,0.0071174377224199285
500586,0.37572254335260113
500587,0.2662993572084481
500588,0.06825938566552901
500589,0.011098130841121495
500590,0.0028011204481792717
500591,0.2662993572084481
500592,0.02127659574468085
500593,0.011098130841121495
500594,0.023809523809523808
500595,0.0015151515151515152
500596,0.09887640449438202
500597,0.1493670886075949
500598,0.0015151515151515152
500599,0.03548153511947864
500600,0.2662993572084481
500601,0.09142857142857143
500602,0.011098130841121495
500603,0.06310679611650485
500604,0.04798464491362764
500605,0.23397435897435898
500606,0.06825938566552901
500607,0.03296703296703297
500608,0.43805309734513276
500609,0.43805309734513276
500610,0.023809523809523808
500611,0.09887640449438202
500612,0.2662993572084481
500613,0.008130081300813009
500614,0.06825938566552901
500615,0.2662993572084481
500616,0.0071174377224199285
500617,0.0325
500618,0.09142857142857143
500619,0.04081632653061224
500620,0.09142857142857143
500621,0.011098130841121495
500622,0.0015151515151515152
500623,0.0325
500624,0.5757575757575758
500625,0.011098130841121495
500626,0.2662993572084481
500627,0.0028011204481792717
500628,0.2662993572084481
500629,0.011098130841121495
500630,0.011098130841121495
500631,0.0710172744721689
500632,0.008130081300813009
500633,0.008130081300813009
500634,0.06310679611650485
500635,0.008130081300813009
500636,0.15853658536585366
500637,0.0071174377224199285
500638,0.04081632653061224
500639,0.04798464491362764
500640,0.04798464491362764
500641,0.7222222222222222
500642,0.256
500643,0.5946745562130178
500644,0.0071174377224199285
500645,0.0325
500646,0.11844484629294756
500647,0.11844484629294756
500648,0.04798464491362764
500649,0.011098130841121495
500650,0.43805309734513276
500651,0.011098130841121495
500652,0.11844484629294756
500653,0.0071174377224199285
500654,0.0028011204481792717
500655,0.04081632653061224
500656,0.02127659574468085
500657,0.09142857142857143
500658,0.008130081300813009
500659,0.0071174377224199285
500660,0.0071174377224199285
500661,0.11844484629294756
500662,0.04798464491362764
500663,0.5946745562130178
500664,0.11844484629294756
500665,0.2662993572084481
500666,0.011098130841121495
500667,0.43805309734513276
500668,0.03548153511947864
500669,0.11844484629294756
500670,0.5946745562130178
500671,0.22627737226277372
500672,0.008130081300813009
500673,0.0325
500674,0.0071174377224199285
500675,0.11844484629294756
500676,0.03548153511947864
500677,0.06310679611650485
500678,0.011098130841121495
500679,0.04798464491362764
500680,0.45614035087719296
500681,0.02127659574468085
500682,0.2662993572084481
500683,0.3975409836065574
500684,0.0071174377224199285
500685,0.04798464491362764
500686,0.2662993572084481
500687,0.29411764705882354
500688,0.0071174377224199285
500689,0.2662993572084481
500690,0.6058823529411764
500691,0.0071174377224199285
500692,0.0325
500693,0.03548153511947864
500694,0.04081632653061224
500695,0.008130081300813009
500696,0.0071174377224199285
500697,0.11844484629294756
500698,0.29411764705882354
500699,0.04798464491362764
500700,0.2662993572084481
500701,0.011098130841121495
500702,0.04081632653061224
500703,0.04798464491362764
500704,0.256
500705,0.0071174377224199285
500706,0.22627737226277372
500707,0.43805309734513276
500708,0.04798464491362764
500709,0.14396887159533073
500710,0.1111111111111111
500711,0.11844484629294756
500712,0.14396887159533073
500713,0.09142857142857143
500714,0.11844484629294756
500715,0.0710172744721689
500716,0.1493670886075949
500717,0.37572254335260113
500718,0.09142857142857143
500719,0.09142857142857143
500720,0.1493670886075949
500721,0.011098130841121495
500722,0.0071174377224199285
500723,0.011098130841121495
500724,0.15853658536585366
500725,0.11844484629294756
500726,0.15853658536585366
500727,0.03548153511947864
500728,0.1493670886075949
500729,0.04798464491362764
500730,0.04798464491362764
500731,0.13559322033898305
500732,0.6058823529411764
500733,0.0015151515151515152
500734,0.011098130841121495
500735,0.6582278481012658
500736,0.29411764705882354
500737,0.45614035087719296
500738,0.04798464491362764
500739,0.0071174377224199285
500740,0.344139650872818
500741,0.011098130841121495
500742,0.06310679611650485
500743,0.14396887159533073
500744,0.3975409836065574
500745,0.0071174377224199285
500746,0.1518987341772152
500747,0.09142857142857143
500748,0.011098130841121495
500749,0.344139650872818
500750,0.05263157894736842
500751,0.09142857142857143
500752,0.14396887159533073
500753,0.7425852538842568
500754,0.011098130841121495
500755,0.04798464491362764
500756,0.011098130841121495
500757,0.6582278481012658
500758,0.09142857142857143
500759,0.3975409836065574
500760,0.0071174377224199285
500761,0.15853658536585366
500762,0.0325
500763,0.2662993572084481
500764,0.256
500765,0.04081632653061224
500766,0.023809523809523808
500767,0.0071174377224199285
500768,0.0325
500769,0.0071174377224199285
500770,0.0028011204481792717
500771,0.23397435897435898
500772,0.04081632653061224
500773,0.03548153511947864
500774,0.023809523809523808
500775,0.008130081300813009
500776,0.008130081300813009
500777,0.344139650872818
500778,0.011098130841121495
500779,0.04798464491362764
500780,0.03548153511947864
500781,0.28422636257970363
500782,0.344139650872818
500783,0.04798464491362764
500784,0.344139650872818
500785,0.0028011204481792717
500786,0.09142857142857143
500787,0.6058823529411764
500788,0.023809523809523808
500789,0.0071174377224199285
500790,0.03296703296703297
500791,0.2662993572084481
500792,0.011098130841121495
500793,0.011098130841121495
500794,0.04798464491362764
500795,0.13559322033898305
500796,0.5946745562130178
500797,0.6058823529411764
500798,0.0028011204481792717
500799,0.0071174377224199285
500800,0.18461538461538463
500801,0.11844484629294756
500802,0.04798464491362764
500803,0.1493670886075949
500804,0.0071174377224199285
500805,0.2662993572084481
500806,0.37572254335260113
500807,0.09887640449438202
500808,0.11844484629294756
500809,0.0071174377224199285
500810,0.1518987341772152
500811,0.0071174377224199285
500812,0.7222222222222222
500813,0.1493670886075949
500814,0.14396887159533073
500815,0.0325
500816,0.09887640449438202
500817,0.0071174377224199285
500818,0.344139650872818
500819,0.11844484629294756
500820,0.0015151515151515152
500821,0.14396887159533073
500822,0.03548153511947864
500823,0.0071174377224199285
500824,0.0015151515151515152
500825,0.0071174377224199285
500826,0.008130081300813009
500827,0.011098130841121495
500828,0.1493670886075949
500829,0.008130081300813009
500830,0.5946745562130178
500831,0.43805309734513276
500832,0.11844484629294756
500833,0.09142857142857143
500834,0.0071174377224199285
500835,0.04798464491362764
500836,0.06825938566552901
500837,0.0071174377224199285
500838,0.49212598425196863
500839,0.06825938566552901
500840,0.011098130841121495
500841,0.18561743422924531
500842,0.011098130841121495
500843,0.09887640449438202
500844,0.0325
500845,0.04081632653061224
500846,0.29411764705882354
500847,0.3975409836065574
500848,0.04798464491362764
500849,0.0071174377224199285
500850,0.09142857142857143
500851,0.0071174377224199285
500852,0.03296703296703297
500853,0.37572254335260113
500854,0.344139650872818
500855,0.1493670886075949
500856,0.0325
500857,0.04081632653061224
500858,0.03548153511947864
500859,0.023809523809523808
500860,0.09887640449438202
500861,0.04798464491362764
500862,0.0325
500863,0.344139650872818
500864,0.15853658536585366
500865,0.011098130841121495
500866,0.43805309734513276
500867,0.11844484629294756
500868,0.14396887159533073
500869,0.05263157894736842
500870,0.344139650872818
500871,0.0710172744721689
500872,0.05263157894736842
500873,0.023809523809523808
500874,0.06825938566552901
500875,0.7222222222222222
500876,0.0325
500877,0.008130081300813009
500878,0.0071174377224199285
500879,0.0325
500880,0.09142857142857143
500881,0.09142857142857143
500882,0.2662993572084481
500883,0.256
500884,0.008130081300813009
500885,0.45614035087719296
500886,0.2662993572084481
500887,0.09142857142857143
500888,0.06593406593406594
500889,0.15853658536585366
500890,0.7222222222222222
500891,0.18461538461538463
500892,0.0071174377224199285
500893,0.09887640449438202
500894,0.0325
500895,0.0821917808219178
500896,0.1493670886075949
500897,0.09142857142857143
500898,0.011098130841121495
500899,0.37572254335260113
500900,0.1493670886075949
500901,0.03548153511947864
500902,0.023809523809523808
500903,0.22627737226277372
500904,0.02127659574468085
500905,0.2662993572084481
500906,0.11844484629294756
500907,0.09142857142857143
500908,0.0028011204481792717
500909,0.011098130841121495
500910,0.04798464491362764
500911,0.03548153511947864
500912,0.008130081300813009
500913,0.11844484629294756
500914,0.008130081300813009
500915,0.2662993572084481
500916,0.011098130841121495
500917,0.0028011204481792717
500918,0.04798464491362764
500919,0.0710172744721689
500920,0.04798464491362764
500921,0.011098130841121495
500922,0.04798464491362764
500923,0.09142857142857143
500924,0.011098130841121495
500925,0.03548153511947864
500926,0.0028011204481792717
500927,0.09887640449438202
500928,0.008130081300813009
500929,0.5946745562130178
500930,0.0071174377224199285
500931,0.0325
500932,0.15853658536585366
500933,0.0028011204481792717
500934,0.344139650872818
500935,0.0325
500936,0.11844484629294756
500937,0.023809523809523808
500938,0.011098130841121495
500939,0.023809523809523808
500940,0.15853658536585366
500941,0.03548153511947864
500942,0.3975409836065574
500943,0.04798464491362764
500944,0.48582650378645387
500945,0.1493670886075949
500946,0.0071174377224199285
500947,0.008130081300813009
500948,0.1493670886075949
500949,0.18421052631578946
500950,0.0015151515151515152
500951,0.09887640449438202
500952,0.18421052631578946
500953,0.14396887159533073
500954,0.011098130841121495
500955,0.03548153511947864
500956,0.0071174377224199285
500957,0.14396887159533073
500958,0.04798464491362764
500959,0.023809523809523808
500960,0.11844484629294756
500961,0.2662993572084481
500962,0.011098130841121495
500963,0.11844484629294756
500964,0.0710172744721689
500965,0.1493670886075949
500966,0.0325
500967,0.03548153511947864
500968,0.023809523809523808
500969,0.09887640449438202
500970,0.2662993572084481
500971,0.008130081300813009
500972,0.6058823529411764
500973,0.04798464491362764
500974,0.03548153511947864
500975,0.0821917808219178
500976,0.6058823529411764
500977,0.03548153511947864
500978,0.1493670886075949
500979,0.0325
500980,0.09887640449438202
500981,0.11844484629294756
500982,0.0325
500983,0.14396887159533073
500984,0.6058823529411764
500985,0.03548153511947864
500986,0.0071174377224199285
500987,0.09142857142857143
500988,0.03548153511947864
500989,0.06825938566552901
500990,0.5946745562130178
500991,0.008130081300813009
500992,0.09887640449438202
500993,0.0015151515151515152
500994,0.03296703296703297
500995,0.09887640449438202
500996,0.344139650872818
500997,0.0015151515151515152
500998,0.1493670886075949
500999,0.45614035087719296
501000,0.04798464491362764
501001,0.0325
501002,0.09887640449438202
501003,0.7222222222222222
501004,0.011098130841121495
501005,0.011098130841121495
501006,0.0071174377224199285
501007,0.2662993572084481
501008,0.0015151515151515152
501009,0.344139650872818
501010,0.008130081300813009
501011,0.0071174377224199285
501012,0.011098130841121495
501013,0.011098130841121495
501014,0.03548153511947864
501015,0.2662993572084481
501016,0.2662993572084481
501017,0.6058823529411764
501018,0.008130081300813009
501019,0.04798464491362764
501020,0.0015151515151515152
501021,0.06310679611650485
501022,0.0071174377224199285
501023,0.09142857142857143
501024,0.14396887159533073
501025,0.09887640449438202
501026,0.2662993572084481
501027,0.2662993572084481
501028,0.0015151515151515152
501029,0.7222222222222222
501030,0.008130081300813009
501031,0.2662993572084481
501032,0.49212598425196863
501033,0.04798464491362764
501034,0.04798464491362764
501035,0.0015151515151515152
501036,0.03548153511947864
501037,0.23397435897435898
501038,0.008130081300813009
501039,0.03296703296703297
501040,0.0071174377224199285
501041,0.04798464491362764
501042,0.22627737226277372
501043,0.0015151515151515152
501044,0.18421052631578946
501045,0.0071174377224199285
501046,0.09142857142857143
501047,0.04798464491362764
501048,0.0071174377224199285
501049,0.0325
501050,0.6582278481012658
501051,0.04081632653061224
501052,0.0015151515151515152
501053,0.011098130841121495
501054,0.11844484629294756
501055,0.23397435897435898
501056,0.14396887159533073
501057,0.09142857142857143
501058,0.008130081300813009
501059,0.03548153511947864
501060,0.09887640449438202
501061,0.03296703296703297
501062,0.011098130841121495
501063,0.09142857142857143
501064,0.04798464491362764
501065,0.04798464491362764
501066,0.09887640449438202
501067,0.011098130841121495
501068,0.011098130841121495
501069,0.14396887159533073
501070,0.09142857142857143
501071,0.09887640449438202
501072,0.011098130841121495
501073,0.0071174377224199285
501074,0.04081632653061224
501075,0.0015151515151515152
501076,0.23397435897435898
501077,0.3975409836065574
501078,0.11844484629294756
501079,0.011098130841121495
501080,0.0071174377224199285
501081,0.008130081300813009
501082,0.04081632653061224
501083,0.03548153511947864
501084,0.0325
501085,0.5946745562130178
501086,0.011098130841121495
501087,0.011098130841121495
501088,0.1493670886075949
501089,0.11844484629294756
501090,0.09142857142857143
501091,0.344139650872818
501092,0.008130081300813009
501093,0.03296703296703297
501094,0.344139650872818
501095,0.09142857142857143
501096,0.0071174377224199285
501097,0.02127659574468085
501098,0.0710172744721689
501099,0.344139650872818
501100,0.0071174377224199285
501101,0.11844484629294756
501102,0.7222222222222222
501103,0.1493670886075949
501104,0.43805309734513276
501105,0.0015151515151515152
501106,0.0071174377224199285
501107,0.5946745562130178
501108,0.1493670886075949
501109,0.04798464491362764
501110,0.04798464491362764
501111,0.09142857142857143
501112,0.011098130841121495
501113,0.0710172744721689
501114,0.04798464491362764
501115,0.03548153511947864
501116,0.023809523809523808
501117,0.0710172744721689
501118,0.0028011204481792717
501119,0.09142857142857143
501120,0.344139650872818
501121,0.04798464491362764
501122,0.0015151515151515152
501123,0.11844484629294756
501124,0.256
501125,0.09887640449438202
501126,0.18421052631578946
501127,0.04798464491362764
501128,0.2662993572084481
501129,0.04798464491362764
501130,0.011098130841121495
501131,0.04798464491362764
501132,0.09142857142857143
501133,0.1493670886075949
501134,0.0710172744721689
501135,0.0071174377224199285
501136,0.344139650872818
501137,0.0071174377224199285
501138,0.18421052631578946
501139,0.37572254335260113
501140,0.5946745562130178
501141,0.04081632653061224
501142,0.03548153511947864
501143,0.23397435897435898
501144,0.2662993572084481
501145,0.0071174377224199285
501146,0.6582278481012658
501147,0.011098130841121495
501148,0.04798464491362764
501149,0.0325
501150,0.15853658536585366
501151,0.49212598425196863
501152,0.04798464491362764
501153,0.04081632653061224
501154,0.011098130841121495
501155,0.011098130841121495
501156,0.04798464491362764
501157,0.3975409836065574
501158,0.1518987341772152
501159,0.3975409836065574
501160,0.1493670886075949
501161,0.09142857142857143
501162,0.1493670886075949
501163,0.011098130841121495
501164,0.1493670886075949
501165,0.8064516129032258
501166,0.05263157894736842
501167,0.09887640449438202
501168,0.14396887159533073
501169,0.0028011204481792717
501170,0.008130081300813009
501171,0.1493670886075949
501172,0.0028011204481792717
501173,0.23397435897435898
501174,0.8064516129032258
501175,0.03548153511947864
501176,0.37572254335260113
501177,0.008130081300813009
501178,0.0325
501179,0.05263157894736842
501180,0.09887640449438202
501181,0.5946745562130178
501182,0.0325
501183,0.5946745562130178
501184,0.1493670886075949
501185,0.11844484629294756
501186,0.04081632653061224
501187,0.43805309734513276
501188,0.2662993572084481
501189,0.5946745562130178
501190,0.008130081300813009
501191,0.43805309734513276
501192,0.2662993572084481
501193,0.09887640449438202
501194,0.04081632653061224
501195,0.5946745562130178
501196,0.0325
501197,0.0071174377224199285
501198,0.11844484629294756
501199,0.0325
501200,0.09142857142857143
501201,0.1493670886075949
501202,0.49212598425196863
501203,0.14396887159533073
501204,0.6582278481012658
501205,0.23397435897435898
501206,0.6058823529411764
501207,0.15853658536585366
501208,0.03548153511947864
501209,0.0071174377224199285
501210,0.0028011204481792717
501211,0.11844484629294756
501212,0.43805309734513276
501213,0.2662993572084481
501214,0.0325
501215,0.0325
501216,0.04798464491362764
501217,0.06310679611650485
501218,0.008130081300813009
501219,0.0710172744721689
501220,0.04081632653061224
501221,0.1518987341772152
501222,0.03548153511947864
501223,0.09142857142857143
501224,0.0710172744721689
501225,0.04081632653061224
501226,0.0071174377224199285
501227,0.1493670886075949
501228,0.04798464491362764
501229,0.03296703296703297
501230,0.008130081300813009
501231,0.03548153511947864
501232,0.8888888888888888
501233,0.011098130841121495
501234,0.011098130841121495
501235,0.45614035087719296
501236,0.0015151515151515152
501237,0.04798464491362764
501238,0.04798464491362764
501239,0.11844484629294756
501240,0.1493670886075949
501241,0.09887640449438202
501242,0.0071174377224199285
501243,0.1493670886075949
501244,0.023809523809523808
501245,0.09887640449438202
501246,0.0325
501247,0.0071174377224199285
501248,0.0028011204481792717
501249,0.344139650872818
501250,0.5946745562130178
501251,0.008130081300813009
501252,0.04798464491362764
501253,0.023809523809523808
501254,0.04798464491362764
501255,0.49212598425196863
501256,0.7222222222222222
501257,0.11844484629294756
501258,0.49212598425196863
501259,0.023809523809523808
501260,0.11844484629294756
501261,0.0325
501262,0.008130081300813009
501263,0.3975409836065574
501264,0.03296703296703297
501265,0.09142857142857143
501266,0.1493670886075949
501267,0.0325
501268,0.03548153511947864
501269,0.344139650872818
501270,0.04798464491362764
501271,0.1493670886075949
501272,0.18421052631578946
501273,0.11844484629294756
501274,0.03548153511947864
501275,0.03296703296703297
501276,0.09142857142857143
501277,0.0071174377224199285
501278,0.14396887159533073
501279,0.0028011204481792717
501280,0.011098130841121495
501281,0.0325
501282,0.011098130841121495
501283,0.04798464491362764
501284,0.03548153511947864
501285,0.38461538461538464
501286,0.04081632653061224
501287,0.06310679611650485
501288,0.2662993572084481
501289,0.2662993572084481
501290,0.5946745562130178
501291,0.0710172744721689
501292,0.2662993572084481
501293,0.011098130841121495
501294,0.011098130841121495
501295,0.04798464491362764
501296,0.43805309734513276
501297,0.09887640449438202
501298,0.15853658536585366
501299,0.03548153511947864
501300,0.0015151515151515152
501301,0.29411764705882354
501302,0.0710172744721689
501303,0.011098130841121495
501304,0.008130081300813009
501305,0.0015151515151515152
501306,0.38461538461538464
501307,0.11844484629294756
501308,0.09887640449438202
501309,0.04798464491362764
501310,0.3975409836065574
501311,0.011098130841121495
501312,0.38461538461538464
501313,0.1493670886075949
501314,0.09887640449438202
501315,0.15853658536585366
501316,0.04798464491362764
501317,0.04798464491362764
501318,0.011098130841121495
501319,0.11844484629294756
501320,0.04798464491362764
501321,0.04081632653061224
501322,0.04798464491362764
501323,0.1493670886075949
501324,0.04081632653061224
501325,0.09887640449438202
501326,0.5946745562130178
501327,0.09142857142857143
501328,0.11844484629294756
501329,0.011098130841121495
501330,0.22627737226277372
501331,0.09887640449438202
501332,0.0028011204481792717
501333,0.04798464491362764
501334,0.03548153511947864
501335,0.011098130841121495
501336,0.0028011204481792717
501337,0.09887640449438202
501338,0.0071174377224199285
501339,0.11844484629294756
501340,0.2662993572084481
501341,0.0325
501342,0.03548153511947864
501343,0.6582278481012658
501344,0.344139650872818
501345,0.02127659574468085
501346,0.008130081300813009
501347,0.0015151515151515152
501348,0.0028011204481792717
501349,0.02127659574468085
501350,0.14396887159533073
501351,0.0325
501352,0.05263157894736842
501353,0.04798464491362764
501354,0.14396887159533073
501355,0.49212598425196863
501356,0.023809523809523808
501357,0.09142857142857143
501358,0.49212598425196863
501359,0.03548153511947864
501360,0.09142857142857143
501361,0.04081632653061224
501362,0.0071174377224199285
501363,0.04081632653061224
501364,0.04798464491362764
501365,0.2662993572084481
501366,0.04798464491362764
501367,0.15853658536585366
501368,0.011098130841121495
501369,0.2662993572084481
501370,0.03548153511947864
501371,0.011098130841121495
501372,0.011098130841121495
501373,0.011098130841121495
501374,0.1493670886075949
501375,0.23397435897435898
501376,0.22627737226277372
501377,0.0710172744721689
501378,0.07920792079207921
501379,0.04081632653061224
501380,0.008130081300813009
501381,0.37572254335260113
501382,0.04798464491362764
501383,0.5946745562130178
501384,0.2662993572084481
501385,0.1493670886075949
501386,0.03548153511947864
501387,0.03548153511947864
501388,0.0071174377224199285
501389,0.0710172744721689
501390,0.011098130841121495
501391,0.23397435897435898
501392,0.11844484629294756
501393,0.09142857142857143
501394,0.1493670886075949
501395,0.43805309734513276
501396,0.0071174377224199285
501397,0.011098130841121495
501398,0.03548153511947864
501399,0.0071174377224199285
501400,0.03296703296703297
501401,0.43805309734513276
501402,0.0710172744721689
501403,0.5757575757575758
501404,0.5946745562130178
501405,0.14396887159533073
501406,0.04798464491362764
501407,0.1493670886075949
501408,0.23397435897435898
501409,0.04081632653061224
501410,0.14396887159533073
501411,0.344139650872818
501412,0.09887640449438202
501413,0.0710172744721689
501414,0.011098130841121495
501415,0.0325
501416,0.023809523809523808
501417,0.03548153511947864
501418,0.18421052631578946
501419,0.2662993572084481
501420,0.0325
501421,0.04798464491362764
501422,0.0325
501423,0.0325
501424,0.011098130841121495
501425,0.256
501426,0.5946745562130178
501427,0.1493670886075949
501428,0.023809523809523808
501429,0.0071174377224199285
501430,0.011098130841121495
501431,0.03548153511947864
501432,0.04798464491362764
501433,0.05263157894736842
501434,0.03548153511947864
501435,0.11844484629294756
501436,0.09142857142857143
501437,0.09887640449438202
501438,0.15853658536585366
501439,0.023809523809523808
501440,0.03548153511947864
501441,0.14396887159533073
501442,0.0710172744721689
501443,0.09142857142857143
501444,0.8064516129032258
501445,0.0071174377224199285
501446,0.0071174377224199285
501447,0.11844484629294756
501448,0.0071174377224199285
501449,0.5946745562130178
501450,0.14396887159533073
501451,0.0015151515151515152
501452,0.0325
501453,0.0325
501454,0.09142857142857143
501455,0.04798464491362764
501456,0.03548153511947864
501457,0.11844484629294756
501458,0.49212598425196863
501459,0.3975409836065574
501460,0.04798464491362764
501461,0.07920792079207921
501462,0.344139650872818
501463,0.04798464491362764
501464,0.0015151515151515152
501465,0.14396887159533073
501466,0.04798464491362764
501467,0.3975409836065574
501468,0.1493670886075949
501469,0.14396887159533073
501470,0.02127659574468085
501471,0.03548153511947864
501472,0.0071174377224199285
501473,0.04798464491362764
501474,0.256
501475,0.11844484629294756
501476,0.09142857142857143
501477,0.6058823529411764
501478,0.023809523809523808
501479,0.09142857142857143
501480,0.0325
501481,0.0071174377224199285
501482,0.03548153511947864
501483,0.3975409836065574
501484,0.011098130841121495
501485,0.14396887159533073
501486,0.04798464491362764
501487,0.008130081300813009
501488,0.09887640449438202
501489,0.14396887159533073
501490,0.02127659574468085
501491,0.0710172744721689
501492,0.09887640449438202
501493,0.0325
501494,0.04081632653061224
501495,0.49212598425196863
501496,0.1493670886075949
501497,0.03548153511947864
501498,0.09142857142857143
501499,0.011098130841121495
501500,0.03548153511947864
501501,0.011098130841121495
501502,0.7222222222222222
501503,0.06310679611650485
501504,0.23397435897435898
501505,0.0325
501506,0.03548153511947864
501507,0.09887640449438202
501508,0.05263157894736842
501509,0.37572254335260113
501510,0.023809523809523808
501511,0.14396887159533073
501512,0.011098130841121495
501513,0.011098130841121495
501514,0.011098130841121495
501515,0.43805309734513276
501516,0.023809523809523808
501517,0.43805309734513276
501518,0.14396887159533073
501519,0.0071174377224199285
501520,0.3975409836065574
501521,0.0325
501522,0.23397435897435898
501523,0.09887640449438202
501524,0.0325
501525,0.15853658536585366
501526,0.23397435897435898
501527,0.11844484629294756
501528,0.0028011204481792717
501529,0.0710172744721689
501530,0.023809523809523808
501531,0.04798464491362764
501532,0.15853658536585366
501533,0.02127659574468085
501534,0.03548153511947864
501535,0.0325
501536,0.11844484629294756
501537,0.04798464491362764
501538,0.1493670886075949
501539,0.04798464491362764
501540,0.011098130841121495
501541,0.03548153511947864
501542,0.43805309734513276
501543,0.0071174377224199285
501544,0.0325
501545,0.0071174377224199285
501546,0.0071174377224199285
501547,0.0071174377224199285
501548,0.3975409836065574
501549,0.344139650872818
501550,0.43805309734513276
501551,0.03548153511947864
501552,0.03548153511947864
501553,0.023809523809523808
501554,0.2662993572084481
501555,0.06593406593406594
501556,0.03548153511947864
501557,0.03548153511947864
501558,0.07920792079207921
501559,0.15853658536585366
501560,0.06825938566552901
501561,0.23397435897435898
501562,0.256
501563,0.11844484629294756
501564,0.23397435897435898
501565,0.0325
501566,0.11844484629294756
501567,0.09887640449438202
501568,0.05263157894736842
501569,0.011098130841121495
501570,0.11844484629294756
501571,0.0325
501572,0.15853658536585366
501573,0.5946745562130178
501574,0.0028011204481792717
501575,0.37572254335260113
501576,0.03548153511947864
501577,0.5946745562130178
501578,0.04798464491362764
501579,0.11844484629294756
501580,0.023809523809523808
501581,0.1493670886075949
501582,0.344139650872818
501583,0.03548153511947864
501584,0.03548153511947864
501585,0.2662993572084481
501586,0.0015151515151515152
501587,0.0710172744721689
501588,0.05263157894736842
501589,0.03548153511947864
501590,0.011098130841121495
501591,0.5946745562130178
501592,0.11844484629294756
501593,0.22627737226277372
501594,0.03548153511947864
501595,0.11844484629294756
501596,0.2662993572084481
501597,0.0071174377224199285
501598,0.09142857142857143
501599,0.13559322033898305
501600,0.011098130841121495
501601,0.04081632653061224
501602,0.0710172744721689
501603,0.04798464491362764
501604,0.14396887159533073
501605,0.03548153511947864
501606,0.1493670886075949
501607,0.023809523809523808
501608,0.06825938566552901
501609,0.008130081300813009
501610,0.03296703296703297
501611,0.2662993572084481
501612,0.011098130841121495
501613,0.18421052631578946
501614,0.14396887159533073
501615,0.03548153511947864
501616,0.09142857142857143
501617,0.0071174377224199285
501618,0.0325
501619,0.6058823529411764
501620,0.04798464491362764
501621,0.5946745562130178
501622,0.0071174377224199285
501623,0.04798464491362764
501624,0.256
501625,0.04081632653061224
501626,0.04798464491362764
501627,0.11844484629294756
501628,0.04081632653061224
501629,0.09142857142857143
501630,0.43805309734513276
501631,0.09887640449438202
501632,0.5757575757575758
501633,0.0325
501634,0.06310679611650485
501635,0.1493670886075949
501636,0.0071174377224199285
501637,0.0071174377224199285
501638,0.0071174377224199285
501639,0.1493670886075949
501640,0.3975409836065574
501641,0.7222222222222222
501642,0.0325
501643,0.7222222222222222
501644,0.11844484629294756
501645,0.03296703296703297
501646,0.03548153511947864
501647,0.03548153511947864
501648,0.03296703296703297
501649,0.04798464491362764
501650,0.2662993572084481
501651,0.2662993572084481
501652,0.14396887159533073
501653,0.11844484629294756
501654,0.03548153511947864
501655,0.23397435897435898
501656,0.23397435897435898
501657,0.2662993572084481
501658,0.11844484629294756
501659,0.18421052631578946
501660,0.008130081300813009
501661,0.14396887159533073
501662,0.13559322033898305
501663,0.3975409836065574
501664,0.0710172744721689
501665,0.03548153511947864
501666,0.2662993572084481
501667,0.0325
501668,0.03548153511947864
501669,0.49212598425196863
501670,0.2662993572084481
501671,0.14396887159533073
501672,0.0325
501673,0.0710172744721689
501674,0.06825938566552901
501675,0.011098130841121495
501676,0.2662993572084481
501677,0.23397435897435898
501678,0.008130081300813009
501679,0.29411764705882354
501680,0.03548153511947864
501681,0.11844484629294756
501682,0.0071174377224199285
501683,0.09887640449438202
501684,0.14396887159533073
501685,0.2662993572084481
501686,0.11844484629294756
501687,0.2662993572084481
501688,0.011098130841121495
501689,0.008130081300813009
501690,0.0710172744721689
501691,0.008130081300813009
501692,0.0325
501693,0.0710172744721689
501694,0.0325
501695,0.03548153511947864
501696,0.344139650872818
501697,0.011098130841121495
501698,0.008130081300813009
501699,0.3975409836065574
501700,0.008130081300813009
501701,0.04798464491362764
501702,0.0071174377224199285
501703,0.0071174377224199285
501704,0.011098130841121495
501705,0.344139650872818
501706,0.5946745562130178
501707,0.0325
501708,0.09142857142857143
501709,0.04798464491362764
501710,0.0071174377224199285
501711,0.0071174377224199285
501712,0.03548153511947864
501713,0.344139650872818
501714,0.0071174377224199285
501715,0.008130081300813009
501716,0.15853658536585366
501717,0.09887640449438202
501718,0.0325
501719,0.09142857142857143
501720,0.256
501721,0.09887640449438202
501722,0.04081632653061224
501723,0.0015151515151515152
501724,0.0071174377224199285
501725,0.09142857142857143
501726,0.6582278481012658
501727,0.06825938566552901
501728,0.3103448275862069
501729,0.0710172744721689
501730,0.0071174377224199285
501731,0.2662993572084481
501732,0.09887640449438202
501733,0.9979582392071205
501734,0.06825938566552901
501735,0.344139650872818
501736,0.1111111111111111
501737,0.09142857142857143
501738,0.0710172744721689
501739,0.011098130841121495
501740,0.008130081300813009
501741,0.14396887159533073
501742,0.3975409836065574
501743,0.11844484629294756
501744,0.0071174377224199285
501745,0.03548153511947864
501746,0.03548153511947864
501747,0.0325
501748,0.0071174377224199285
501749,0.03548153511947864
501750,0.04798464491362764
501751,0.0071174377224199285
501752,0.03548153511947864
501753,0.03296703296703297
501754,0.09142857142857143
501755,0.09887640449438202
501756,0.06593406593406594
501757,0.0071174377224199285
501758,0.49212598425196863
501759,0.023809523809523808
501760,0.29411764705882354
501761,0.09142857142857143
501762,0.0071174377224199285
501763,0.011098130841121495
501764,0.008130081300813009
501765,0.49212598425196863
501766,0.09887640449438202
501767,0.011098130841121495
501768,0.22627737226277372
501769,0.1493670886075949
501770,0.03296703296703297
501771,0.14396887159533073
501772,0.344139650872818
501773,0.09142857142857143
501774,0.09142857142857143
501775,0.7222222222222222
501776,0.2662993572084481
501777,0.14396887159533073
501778,0.04798464491362764
501779,0.04081632653061224
501780,0.2662993572084481
501781,0.011098130841121495
501782,0.3975409836065574
501783,0.0015151515151515152
501784,0.09887640449438202
501785,0.011098130841121495
501786,0.03548153511947864
501787,0.15563867927040612
501788,0.0071174377224199285
501789,0.04081632653061224
501790,0.0071174377224199285
501791,0.23397435897435898
501792,0.1493670886075949
501793,0.49212598425196863
501794,0.0071174377224199285
501795,0.45614035087719296
501796,0.0071174377224199285
501797,0.011098130841121495
501798,0.03548153511947864
501799,0.03296703296703297
501800,0.04798464491362764
501801,0.20564259982728644
501802,0.11844484629294756
501803,0.24523002143374112
501804,0.0015151515151515152
501805,0.0071174377224199285
501806,0.6582278481012658
501807,0.011098130841121495
501808,0.03548153511947864
501809,0.04798464491362764
501810,0.011098130841121495
501811,0.0325
501812,0.0710172744721689
501813,0.3975409836065574
501814,0.011098130841121495
501815,0.1518987341772152
501816,0.29411764705882354
501817,0.04798464491362764
501818,0.14396887159533073
501819,0.011098130841121495
501820,0.09887640449438202
501821,0.1493670886075949
501822,0.11844484629294756
501823,0.03296703296703297
501824,0.04081632653061224
501825,0.09887640449438202
501826,0.0325
501827,0.11844484629294756
501828,0.0015151515151515152
501829,0.2662993572084481
501830,0.011098130841121495
501831,0.1493670886075949
501832,0.06310679611650485
501833,0.09887640449438202
501834,0.11844484629294756
501835,0.1493670886075949
501836,0.37572254335260113
501837,0.09887640449438202
501838,0.04798464491362764
501839,0.1493670886075949
501840,0.18421052631578946
501841,0.09142857142857143
501842,0.04798464491362764
501843,0.5946745562130178
501844,0.011098130841121495
501845,0.11844484629294756
501846,0.09142857142857143
501847,0.14396887159533073
501848,0.04798464491362764
501849,0.0015151515151515152
501850,0.008130081300813009
501851,0.09887640449438202
501852,0.0325
501853,0.11844484629294756
501854,0.011098130841121495
501855,0.11844484629294756
501856,0.06825938566552901
501857,0.0325
501858,0.04798464491362764
501859,0.09887640449438202
501860,0.37572254335260113
501861,0.04798464491362764
501862,0.023809523809523808
501863,0.0028011204481792717
501864,0.1493670886075949
501865,0.0015151515151515152
501866,0.0015151515151515152
501867,0.011098130841121495
501868,0.14396887159533073
501869,0.14396887159533073
501870,0.023809523809523808
501871,0.3975409836065574
501872,0.0015151515151515152
501873,0.0325
501874,0.14396887159533073
501875,0.008130081300813009
501876,0.29411764705882354
501877,0.0710172744721689
501878,0.03548153511947864
501879,0.6058823529411764
501880,0.1493670886075949
501881,0.05263157894736842
501882,0.18421052631578946
501883,0.03548153511947864
501884,0.07920792079207921
501885,0.011098130841121495
501886,0.0325
501887,0.0325
501888,0.43805309734513276
501889,0.0325
501890,0.0015151515151515152
501891,0.49212598425196863
501892,0.0028011204481792717
501893,0.37572254335260113
501894,0.04798464491362764
501895,0.5946745562130178
501896,0.09142857142857143
501897,0.18421052631578946
501898,0.1518987341772152
501899,0.04798464491362764
501900,0.13559322033898305
501901,0.0015151515151515152
501902,0.09142857142857143
501903,0.0071174377224199285
501904,0.0015151515151515152
501905,0.011098130841121495
501906,0.0071174377224199285
501907,0.03548153511947864
501908,0.0015151515151515152
501909,0.0071174377224199285
501910,0.0071174377224199285
501911,0.2662993572084481
501912,0.0071174377224199285
501913,0.04798464491362764
501914,0.09887640449438202
501915,0.49212598425196863
501916,0.5946745562130178
501917,0.011098130841121495
501918,0.14396887159533073
501919,0.14396887159533073
501920,0.09142857142857143
501921,0.04798464491362764
501922,0.49212598425196863
501923,0.23397435897435898
501924,0.344139650872818
501925,0.0325
501926,0.0325
501927,0.03548153511947864
501928,0.023809523809523808
501929,0.09142857142857143
501930,0.1493670886075949
501931,0.09142857142857143
501932,0.1493670886075949
501933,0.03548153511947864
501934,0.15853658536585366
501935,0.011098130841121495
501936,0.0071174377224199285
501937,0.2662993572084481
501938,0.04081632653061224
501939,0.0325
501940,0.05263157894736842
501941,0.6058823529411764
501942,0.04798464491362764
501943,0.1493670886075949
501944,0.09142857142857143
501945,0.023809523809523808
501946,0.14396887159533073
501947,0.22627737226277372
501948,0.011098130841121495
501949,0.04081632653061224
501950,0.0071174377224199285
501951,0.2662993572084481
501952,0.0821917808219178
501953,0.49212598425196863
501954,0.0325
501955,0.0710172744721689
501956,0.0028011204481792717
501957,0.11844484629294756
501958,0.45614035087719296
501959,0.06825938566552901
501960,0.04798464491362764
501961,0.1493670886075949
501962,0.04798464491362764
501963,0.49212598425196863
501964,0.2662993572084481
501965,0.09887640449438202
501966,0.06310679611650485
501967,0.03548153511947864
501968,0.0015151515151515152
501969,0.03548153511947864
501970,0.008130081300813009
501971,0.023809523809523808
501972,0.011098130841121495
501973,0.0015151515151515152
501974,0.5946745562130178
501975,0.23397435897435898
501976,0.2662993572084481
501977,0.0028011204481792717
501978,0.3975409836065574
501979,0.03548153511947864
501980,0.09142857142857143
501981,0.256
501982,0.09887640449438202
501983,0.0325
501984,0.2662993572084481
501985,0.04798464491362764
501986,0.2662993572084481
501987,0.011098130841121495
501988,0.0071174377224199285
501989,0.6582278481012658
501990,0.0325
501991,0.04798464491362764
501992,0.14396887159533073
501993,0.0710172744721689
501994,0.023809523809523808
501995,0.04798464491362764
501996,0.09887640449438202
501997,0.04798464491362764
501998,0.04798464491362764
501999,0.011098130841121495
502000,0.11844484629294756
502001,0.09887640449438202
502002,0.03548153511947864
502003,0.2662993572084481
502004,0.008130081300813009
502005,0.3975409836065574
502006,0.2662993572084481
502007,0.09887640449438202
502008,0.344139650872818
502009,0.29411764705882354
502010,0.0071174377224199285
502011,0.023809523809523808
502012,0.0325
502013,0.18421052631578946
502014,0.09887640449438202
502015,0.0071174377224199285
502016,0.0015151515151515152
502017,0.011098130841121495
502018,0.2662993572084481
502019,0.3103448275862069
502020,0.04798464491362764
502021,0.7222222222222222
502022,0.011098130841121495
502023,0.7222222222222222
502024,0.023809523809523808
502025,0.11844484629294756
502026,0.0028011204481792717
502027,0.2662993572084481
502028,0.1493670886075949
502029,0.2662993572084481
502030,0.2662993572084481
502031,0.1493670886075949
502032,0.023809523809523808
502033,0.04798464491362764
502034,0.14396887159533073
502035,0.011098130841121495
502036,0.1493670886075949
502037,0.04081632653061224
502038,0.06593406593406594
502039,0.0325
502040,0.5946745562130178
502041,0.0071174377224199285
502042,0.04081632653061224
502043,0.04798464491362764
502044,0.0325
502045,0.0028011204481792717
502046,0.0071174377224199285
502047,0.0325
502048,0.0071174377224199285
502049,0.03548153511947864
502050,0.0071174377224199285
502051,0.344139650872818
502052,0.011098130841121495
502053,0.04081632653061224
502054,0.49212598425196863
502055,0.344139650872818
502056,0.23397435897435898
502057,0.07920792079207921
502058,0.1493670886075949
502059,0.04798464491362764
502060,0.0071174377224199285
502061,0.09887640449438202
502062,0.09142857142857143
502063,0.011098130841121495
502064,0.04798464491362764
502065,0.18421052631578946
502066,0.09887640449438202
502067,0.0015151515151515152
502068,0.2662993572084481
502069,0.11844484629294756
502070,0.11844484629294756
502071,0.1493670886075949
502072,0.1493670886075949
502073,0.09142857142857143
502074,0.011098130841121495
502075,0.06825938566552901
502076,0.0071174377224199285
502077,0.04798464491362764
502078,0.2662993572084481
502079,0.14396887159533073
502080,0.0071174377224199285
502081,0.2662993572084481
502082,0.008130081300813009
502083,0.5946745562130178
502084,0.344139650872818
502085,0.0071174377224199285
502086,0.02127659574468085
502087,0.023809523809523808
502088,0.011098130841121495
502089,0.43805309734513276
502090,0.03548153511947864
502091,0.04081632653061224
502092,0.0325
502093,0.0071174377224199285
502094,0.1493670886075949
502095,0.07920792079207921
502096,0.008130081300813009
502097,0.2662993572084481
502098,0.0325
502099,0.011098130841121495
502100,0.11844484629294756
502101,0.008130081300813009
502102,0.0325
502103,0.09887640449438202
502104,0.011098130841121495
502105,0.344139650872818
502106,0.0710172744721689
502107,0.37572254335260113
502108,0.37572254335260113
502109,0.23397435897435898
502110,0.0710172744721689
502111,0.04081632653061224
502112,0.04798464491362764
502113,0.0325
502114,0.04798464491362764
502115,0.43805309734513276
502116,0.15853658536585366
502117,0.04798464491362764
502118,0.011098130841121495
502119,0.09887640449438202
502120,0.0015151515151515152
502121,0.011098130841121495
502122,0.0325
502123,0.03548153511947864
502124,0.0015151515151515152
502125,0.11844484629294756
502126,0.1493670886075949
502127,0.11844484629294756
502128,0.03296703296703297
502129,0.23397435897435898
502130,0.0325
502131,0.011098130841121495
502132,0.1493670886075949
502133,0.1493670886075949
502134,0.04798464491362764
502135,0.7222222222222222
502136,0.0071174377224199285
502137,0.0015151515151515152
502138,0.49212598425196863
502139,0.03548153511947864
502140,0.011098130841121495
502141,0.37572254335260113
502142,0.09887640449438202
502143,0.0028011204481792717
502144,0.008130081300813009
502145,0.6582278481012658
502146,0.2662993572084481
502147,0.0325
502148,0.011098130841121495
502149,0.2662993572084481
502150,0.0071174377224199285
502151,0.09887640449438202
502152,0.023809523809523808
502153,0.2662993572084481
502154,0.03548153511947864
502155,0.0325
502156,0.008130081300813009
502157,0.0071174377224199285
502158,0.0071174377224199285
502159,0.09142857142857143
502160,0.11844484629294756
502161,0.04798464491362764
502162,0.04798464491362764
502163,0.04081632653061224
502164,0.2662993572084481
502165,0.03548153511947864
502166,0.03548153511947864
502167,0.011098130841121495
502168,0.04081632653061224
502169,0.11844484629294756
502170,0.09142857142857143
502171,0.04798464491362764
502172,0.344139650872818
502173,0.011098130841121495
502174,0.011098130841121495
502175,0.5946745562130178
502176,0.256
502177,0.45614035087719296
502178,0.09887640449438202
502179,0.0071174377224199285
502180,0.1493670886075949
502181,0.11844484629294756
502182,0.0028011204481792717
502183,0.6058823529411764
502184,0.05263157894736842
502185,0.023809523809523808
502186,0.04798464491362764
502187,0.04798464491362764
502188,0.2662993572084481
502189,0.29411764705882354
502190,0.11844484629294756
502191,0.1493670886075949
502192,0.008130081300813009
502193,0.1493670886075949
502194,0.0325
502195,0.04081632653061224
502196,0.09142857142857143
502197,0.11844484629294756
502198,0.11844484629294756
502199,0.04798464491362764
502200,0.09142857142857143
502201,0.008130081300813009
502202,0.0071174377224199285
502203,0.023809523809523808
502204,0.03548153511947864
502205,0.011098130841121495
502206,0.11844484629294756
502207,0.18461538461538463
502208,0.15853658536585366
502209,0.06593406593406594
502210,0.011098130841121495
502211,0.0015151515151515152
502212,0.0028011204481792717
502213,0.18421052631578946
502214,0.03548153511947864
502215,0.04081632653061224
502216,0.5946745562130178
502217,0.23397435897435898
502218,0.04798464491362764
502219,0.05263157894736842
502220,0.1493670886075949
502221,0.023809523809523808
502222,0.5946745562130178
502223,0.2662993572084481
502224,0.03548153511947864
502225,0.04798464491362764
502226,0.07920792079207921
502227,0.011098130841121495
502228,0.0710172744721689
502229,0.0325
502230,0.09142857142857143
502231,0.11844484629294756
502232,0.2662993572084481
502233,0.09142857142857143
502234,0.23397435897435898
502235,0.03548153511947864
502236,0.11844484629294756
502237,0.45614035087719296
502238,0.09887640449438202
502239,0.04081632653061224
502240,0.344139650872818
502241,0.06825938566552901
502242,0.13559322033898305
502243,0.05263157894736842
502244,0.011098130841121495
502245,0.02127659574468085
502246,0.04081632653061224
502247,0.18421052631578946
502248,0.011098130841121495
502249,0.0710172744721689
502250,0.3975409836065574
502251,0.43805309734513276
502252,0.0325
502253,0.09142857142857143
502254,0.0071174377224199285
502255,0.6058823529411764
502256,0.0071174377224199285
502257,0.0071174377224199285
502258,0.256
502259,0.09887640449438202
502260,0.011098130841121495
502261,0.03548153511947864
502262,0.04081632653061224
502263,0.0015151515151515152
502264,0.1493670886075949
502265,0.011098130841121495
502266,0.1493670886075949
502267,0.06593406593406594
502268,0.011098130841121495
502269,0.0710172744721689
502270,0.04798464491362764
502271,0.03548153511947864
502272,0.008130081300813009
502273,0.04081632653061224
502274,0.344139650872818
502275,0.23397435897435898
502276,0.06593406593406594
502277,0.2662993572084481
502278,0.011098130841121495
502279,0.0071174377224199285
502280,0.023809523809523808
502281,0.0325
502282,0.23397435897435898
502283,0.09887640449438202
502284,0.2662993572084481
502285,0.344139650872818
502286,0.2662993572084481
502287,0.11844484629294756
502288,0.0015151515151515152
502289,0.09887640449438202
502290,0.1493670886075949
502291,0.03548153511947864
502292,0.1493670886075949
502293,0.09142857142857143
502294,0.09142857142857143
502295,0.0821917808219178
502296,0.03548153511947864
502297,0.011098130841121495
502298,0.09142857142857143
502299,0.23397435897435898
502300,0.03548153511947864
502301,0.0325
502302,0.06310679611650485
502303,0.011098130841121495
502304,0.2662993572084481
502305,0.29411764705882354
502306,0.04798464491362764
502307,0.0071174377224199285
502308,0.04798464491362764
502309,0.0015151515151515152
502310,0.43805309734513276
502311,0.22627737226277372
502312,0.0015151515151515152
502313,0.14396887159533073
502314,0.344139650872818
502315,0.2662993572084481
502316,0.2662993572084481
502317,0.0071174377224199285
502318,0.38461538461538464
502319,0.15853658536585366
502320,0.1493670886075949
502321,0.04081632653061224
502322,0.023809523809523808
502323,0.011098130841121495
502324,0.04081632653061224
502325,0.008130081300813009
502326,0.0071174377224199285
502327,0.37572254335260113
502328,0.14396887159533073
502329,0.14396887159533073
502330,0.03548153511947864
502331,0.09142857142857143
502332,0.011098130841121495
502333,0.15853658536585366
502334,0.2662993572084481
502335,0.0028011204481792717
502336,0.45614035087719296
502337,0.09142857142857143
502338,0.7222222222222222
502339,0.0071174377224199285
502340,0.3975409836065574
502341,0.09142857142857143
502342,0.45614035087719296
502343,0.03548153511947864
502344,0.1111111111111111
502345,0.02127659574468085
502346,0.011098130841121495
502347,0.0325
502348,0.03548153511947864
502349,0.008130081300813009
502350,0.0071174377224199285
502351,0.6058823529411764
502352,0.011098130841121495
502353,0.03548153511947864
502354,0.0015151515151515152
502355,0.04798464491362764
502356,0.6058823529411764
502357,0.0015151515151515152
502358,0.0028011204481792717
502359,0.344139650872818
502360,0.0710172744721689
502361,0.06825938566552901
502362,0.09142857142857143
502363,0.0071174377224199285
502364,0.023809523809523808
502365,0.04081632653061224
502366,0.15853658536585366
502367,0.11844484629294756
502368,0.04798464491362764
502369,0.11844484629294756
502370,0.03548153511947864
502371,0.23397435897435898
502372,0.09887640449438202
502373,0.06310679611650485
502374,0.0071174377224199285
502375,0.15853658536585366
502376,0.11844484629294756
502377,0.09142857142857143
502378,0.04798464491362764
502379,0.0071174377224199285
502380,0.04081632653061224
502381,0.2662993572084481
502382,0.09887640449438202
502383,0.0710172744721689
502384,0.23397435897435898
502385,0.03296703296703297
502386,0.008130081300813009
502387,0.011098130841121495
502388,0.04798464491362764
502389,0.05263157894736842
502390,0.18127665762653344
502391,0.0071174377224199285
502392,0.09142857142857143
502393,0.14396887159533073
502394,0.0325
502395,0.0325
502396,0.09887640449438202
502397,0.344139650872818
502398,0.344139650872818
502399,0.29411764705882354
502400,0.43805309734513276
502401,0.09142857142857143
502402,0.03548153511947864
502403,0.256
502404,0.011098130841121495
502405,0.09142857142857143
502406,0.03548153511947864
502407,0.0071174377224199285
502408,0.02127659574468085
502409,0.15853658536585366
502410,0.008130081300813009
502411,0.011098130841121495
502412,0.09887640449438202
502413,0.04798464491362764
502414,0.03548153511947864
502415,0.0325
502416,0.18421052631578946
502417,0.03548153511947864
502418,0.03548153511947864
502419,0.49212598425196863
502420,0.04798464491362764
502421,0.2662993572084481
502422,0.0325
502423,0.03548153511947864
502424,0.06825938566552901
502425,0.09142857142857143
502426,0.008130081300813009
502427,0.43805309734513276
502428,0.011098130841121495
502429,0.011098130841121495
502430,0.03296703296703297
502431,0.09142857142857143
502432,0.03548153511947864
502433,0.09142857142857143
502434,0.008130081300813009
502435,0.344139650872818
502436,0.03548153511947864
502437,0.04798464491362764
502438,0.14396887159533073
502439,0.03548153511947864
502440,0.06825938566552901
502441,0.0710172744721689
502442,0.04798464491362764
502443,0.0071174377224199285
502444,0.1493670886075949
502445,0.344139650872818
502446,0.04798464491362764
502447,0.0071174377224199285
502448,0.008130081300813009
502449,0.18421052631578946
502450,0.09142857142857143
502451,0.09142857142857143
502452,0.0710172744721689
502453,0.09142857142857143
502454,0.43805309734513276
502455,0.0071174377224199285
502456,0.09887640449438202
502457,0.18421052631578946
502458,0.2662993572084481
502459,0.04798464491362764
502460,0.04798464491362764
502461,0.023809523809523808
502462,0.344139650872818
502463,0.14396887159533073
502464,0.0821917808219178
502465,0.1493670886075949
502466,0.04798464491362764
502467,0.344139650872818
502468,0.023809523809523808
502469,0.6582278481012658
502470,0.011098130841121495
502471,0.011098130841121495
502472,0.0325
502473,0.1518987341772152
502474,0.04798464491362764
502475,0.6058823529411764
502476,0.49212598425196863
502477,0.0071174377224199285
502478,0.04081632653061224
502479,0.0710172744721689
502480,0.0071174377224199285
502481,0.03548153511947864
502482,0.03548153511947864
502483,0.03548153511947864
502484,0.06825938566552901
502485,0.04798464491362764
502486,0.011098130841121495
502487,0.04798464491362764
502488,0.1493670886075949
502489,0.1493670886075949
502490,0.6058823529411764
502491,0.0071174377224199285
502492,0.09142857142857143
502493,0.11844484629294756
502494,0.18421052631578946
502495,0.6058823529411764
502496,0.0710172744721689
502497,0.04798464491362764
502498,0.23397435897435898
502499,0.14396887159533073
502500,0.03548153511947864
502501,0.0015151515151515152
502502,0.1518987341772152
502503,0.09142857142857143
502504,0.0821917808219178
502505,0.09887640449438202
502506,0.011098130841121495
502507,0.09142857142857143
502508,0.0821917808219178
502509,0.09887640449438202
502510,0.11844484629294756
502511,0.011098130841121495
502512,0.04798464491362764
502513,0.2662993572084481
502514,0.2662993572084481
502515,0.023809523809523808
502516,0.0028011204481792717
502517,0.23397435897435898
502518,0.2662993572084481
502519,0.09142857142857143
502520,0.06310679611650485
502521,0.14396887159533073
502522,0.2662993572084481
502523,0.023809523809523808
502524,0.13559322033898305
502525,0.023809523809523808
502526,0.37572254335260113
502527,0.04081632653061224
502528,0.256
502529,0.023809523809523808
502530,0.29411764705882354
502531,0.14396887159533073
502532,0.06310679611650485
502533,0.04798464491362764
502534,0.11844484629294756
502535,0.43805309734513276
502536,0.0071174377224199285
502537,0.05263157894736842
502538,0.0071174377224199285
502539,0.09887640449438202
502540,0.3975409836065574
502541,0.0325
502542,0.344139650872818
502543,0.04081632653061224
502544,0.04798464491362764
502545,0.03296703296703297
502546,0.011098130841121495
502547,0.1493670886075949
502548,0.37572254335260113
502549,0.11844484629294756
502550,0.3975409836065574
502551,0.023809523809523808
502552,0.04798464491362764
502553,0.03296703296703297
502554,0.0028011204481792717
502555,0.03548153511947864
502556,0.2662993572084481
502557,0.0325
502558,0.11844484629294756
502559,0.04798464491362764
502560,0.04798464491362764
502561,0.04798464491362764
502562,0.04081632653061224
502563,0.03548153511947864
502564,0.5946745562130178
502565,0.011098130841121495
502566,0.09142857142857143
502567,0.14396887159533073
502568,0.0325
502569,0.1493670886075949
502570,0.011098130841121495
502571,0.37572254335260113
502572,0.0071174377224199285
502573,0.0015151515151515152
502574,0.256
502575,0.6582278481012658
502576,0.03548153511947864
502577,0.0028011204481792717
502578,0.011098130841121495
502579,0.0071174377224199285
502580,0.2662993572084481
502581,0.09887640449438202
502582,0.6582278481012658
502583,0.03548153511947864
502584,0.09142857142857143
502585,0.0071174377224199285
502586,0.11844484629294756
502587,0.011098130841121495
502588,0.0710172744721689
502589,0.0710172744721689
502590,0.1493670886075949
502591,0.11844484629294756
502592,0.008130081300813009
502593,0.2662993572084481
502594,0.04798464491362764
502595,0.0071174377224199285
502596,0.0071174377224199285
502597,0.49212598425196863
502598,0.011098130841121495
502599,0.7222222222222222
502600,0.04081632653061224
502601,0.09887640449438202
502602,0.3975409836065574
502603,0.3975409836065574
502604,0.09142857142857143
502605,0.03548153511947864
502606,0.29411764705882354
502607,0.04081632653061224
502608,0.1493670886075949
502609,0.09142857142857143
502610,0.011098130841121495
502611,0.008130081300813009
502612,0.09887640449438202
502613,0.23397435897435898
502614,0.11844484629294756
502615,0.2662993572084481
502616,0.03548153511947864
502617,0.05263157894736842
502618,0.0071174377224199285
502619,0.09887640449438202
502620,0.04798464491362764
502621,0.011098130841121495
502622,0.008130081300813009
502623,0.04798464491362764
502624,0.09887640449438202
502625,0.011098130841121495
502626,0.15853658536585366
502627,0.023809523809523808
502628,0.06825938566552901
502629,0.14396887159533073
502630,0.1493670886075949
502631,0.008130081300813009
502632,0.15853658536585366
502633,0.256
502634,0.04081632653061224
502635,0.2662993572084481
502636,0.256
502637,0.0071174377224199285
502638,0.03548153511947864
502639,0.22627737226277372
502640,0.1493670886075949
502641,0.011098130841121495
502642,0.3103448275862069
502643,0.49212598425196863
502644,0.0071174377224199285
502645,0.6363636363636364
502646,0.0071174377224199285
502647,0.03296703296703297
502648,0.5946745562130178
502649,0.09142857142857143
502650,0.45614035087719296
502651,0.011098130841121495
502652,0.04798464491362764
502653,0.11844484629294756
502654,0.06310679611650485
502655,0.011098130841121495
502656,0.3975409836065574
502657,0.2662993572084481
502658,0.18421052631578946
502659,0.011098130841121495
502660,0.03548153511947864
502661,0.011098130841121495
502662,0.023809523809523808
502663,0.5946745562130178
502664,0.2662993572084481
502665,0.03548153511947864
502666,0.0071174377224199285
502667,0.03548153511947864
502668,0.011098130841121495
502669,0.0071174377224199285
502670,0.6058823529411764
502671,0.0710172744721689
502672,0.7222222222222222
502673,0.023809523809523808
502674,0.011098130841121495
502675,0.0071174377224199285
502676,0.1493670886075949
502677,0.2662993572084481
502678,0.011098130841121495
502679,0.04798464491362764
502680,0.2662993572084481
502681,0.09887640449438202
502682,0.0071174377224199285
502683,0.18461538461538463
502684,0.2662993572084481
502685,0.011098130841121495
502686,0.0325
502687,0.5946745562130178
502688,0.0710172744721689
502689,0.008130081300813009
502690,0.04798464491362764
502691,0.43805309734513276
502692,0.1493670886075949
502693,0.03296703296703297
502694,0.09142857142857143
502695,0.7222222222222222
502696,0.5946745562130178
502697,0.011098130841121495
502698,0.0071174377224199285
502699,0.0071174377224199285
502700,0.09887640449438202
502701,0.15853658536585366
502702,0.02127659574468085
502703,0.09142857142857143
502704,0.37572254335260113
502705,0.03548153511947864
502706,0.011098130841121495
502707,0.11844484629294756
502708,0.0710172744721689
502709,0.0071174377224199285
502710,0.344139650872818
502711,0.09887640449438202
502712,0.5946745562130178
502713,0.6058823529411764
502714,0.2662993572084481
502715,0.09887640449438202
502716,0.04798464491362764
502717,0.0015151515151515152
502718,0.04081632653061224
502719,0.0710172744721689
502720,0.11844484629294756
502721,0.09887640449438202
502722,0.0071174377224199285
502723,0.14396887159533073
502724,0.04081632653061224
502725,0.2662993572084481
502726,0.04798464491362764
502727,0.09142857142857143
502728,0.6058823529411764
502729,0.09887640449438202
502730,0.2662993572084481
502731,0.011098130841121495
502732,0.0071174377224199285
502733,0.5757575757575758
502734,0.09142857142857143
502735,0.03548153511947864
502736,0.3975409836065574
502737,0.0015151515151515152
502738,0.09887640449438202
502739,0.43805309734513276
502740,0.11844484629294756
502741,0.0071174377224199285
502742,0.0071174377224199285
502743,0.011098130841121495
502744,0.11844484629294756
502745,0.09887640449438202
502746,0.023809523809523808
502747,0.43805309734513276
502748,0.0821917808219178
502749,0.0015151515151515152
502750,0.03548153511947864
502751,0.45614035087719296
502752,0.0015151515151515152
502753,0.2662993572084481
502754,0.11844484629294756
502755,0.06825938566552901
502756,0.04798464491362764
502757,0.008130081300813009
502758,0.22627737226277372
502759,0.18461538461538463
502760,0.04798464491362764
502761,0.344139650872818
502762,0.418445923543698
502763,0.011098130841121495
502764,0.04798464491362764
502765,0.2662993572084481
502766,0.0071174377224199285
502767,0.14396887159533073
502768,0.06825938566552901
502769,0.11844484629294756
502770,0.04798464491362764
502771,0.04798464491362764
502772,0.09142857142857143
502773,0.11844484629294756
502774,0.04798464491362764
502775,0.09142857142857143
502776,0.6058823529411764
502777,0.49212598425196863
502778,0.0028011204481792717
502779,0.11844484629294756
502780,0.07920792079207921
502781,0.23397435897435898
502782,0.22627737226277372
502783,0.0071174377224199285
502784,0.6582278481012658
502785,0.09142857142857143
502786,0.03548153511947864
502787,0.13559322033898305
502788,0.0071174377224199285
502789,0.0071174377224199285
502790,0.2662993572084481
502791,0.1493670886075949
502792,0.0015151515151515152
502793,0.49212598425196863
502794,0.11844484629294756
502795,0.09142857142857143
502796,0.13559322033898305
502797,0.011098130841121495
502798,0.03548153511947864
502799,0.09887640449438202
502800,0.04081632653061224
502801,0.09142857142857143
502802,0.1493670886075949
502803,0.04081632653061224
502804,0.2662993572084481
502805,0.0071174377224199285
502806,0.2662993572084481
502807,0.3975409836065574
502808,0.256
502809,0.2662993572084481
502810,0.04081632653061224
502811,0.023809523809523808
502812,0.15853658536585366
502813,0.344139650872818
502814,0.49212598425196863
502815,0.43805309734513276
502816,0.023809523809523808
502817,0.0071174377224199285
502818,0.0710172744721689
502819,0.04081632653061224
502820,0.29411764705882354
502821,0.45614035087719296
502822,0.03548153511947864
502823,0.3975409836065574
502824,0.0015151515151515152
502825,0.1493670886075949
502826,0.0071174377224199285
502827,0.03296703296703297
502828,0.11844484629294756
502829,0.03548153511947864
502830,0.03548153511947864
502831,0.09142857142857143
502832,0.0325
502833,0.03296703296703297
502834,0.011098130841121495
502835,0.04081632653061224
502836,0.011098130841121495
502837,0.03548153511947864
502838,0.03296703296703297
502839,0.04798464491362764
502840,0.2662993572084481
502841,0.03548153511947864
502842,0.0071174377224199285
502843,0.0325
502844,0.1493670886075949
502845,0.29411764705882354
502846,0.49212598425196863
502847,0.11844484629294756
502848,0.0071174377224199285
502849,0.344139650872818
502850,0.03548153511947864
502851,0.11844484629294756
502852,0.29411764705882354
502853,0.0015151515151515152
502854,0.3975409836065574
502855,0.008130081300813009
502856,0.0710172744721689
502857,0.011098130841121495
502858,0.11844484629294756
502859,0.0325
502860,0.2662993572084481
502861,0.03548153511947864
502862,0.15853658536585366
502863,0.14396887159533073
502864,0.2662993572084481
502865,0.03548153511947864
502866,0.03548153511947864
502867,0.1493670886075949
502868,0.5946745562130178
502869,0.2662993572084481
502870,0.0710172744721689
502871,0.0071174377224199285
502872,0.0325
502873,0.04081632653061224
502874,0.011098130841121495
502875,0.5946745562130178
502876,0.09887640449438202
502877,0.09142857142857143
502878,0.2662993572084481
502879,0.09887640449438202
502880,0.011098130841121495
502881,0.0325
502882,0.02127659574468085
502883,0.09142857142857143
502884,0.2662993572084481
502885,0.0071174377224199285
502886,0.011098130841121495
502887,0.05263157894736842
502888,0.0071174377224199285
502889,0.23397435897435898
502890,0.0821917808219178
502891,0.03548153511947864
502892,0.04798464491362764
502893,0.0071174377224199285
502894,0.04798464491362764
502895,0.011098130841121495
502896,0.2662993572084481
502897,0.37572254335260113
502898,0.14396887159533073
502899,0.04798464491362764
502900,0.344139650872818
502901,0.0071174377224199285
502902,0.011098130841121495
502903,0.03548153511947864
502904,0.256
502905,0.023809523809523808
502906,0.2662993572084481
502907,0.2662993572084481
502908,0.0071174377224199285
502909,0.0028011204481792717
502910,0.011098130841121495
502911,0.11844484629294756
502912,0.1493670886075949
502913,0.03296703296703297
502914,0.11844484629294756
502915,0.11844484629294756
502916,0.11844484629294756
502917,0.09142857142857143
502918,0.0325
502919,0.7222222222222222
502920,0.1493670886075949
502921,0.04798464491362764
502922,0.06593406593406594
502923,0.008130081300813009
502924,0.344139650872818
502925,0.011098130841121495
502926,0.04798464491362764
502927,0.09887640449438202
502928,0.0325
502929,0.0071174377224199285
502930,0.1493670886075949
502931,0.0325
502932,0.344139650872818
502933,0.03296703296703297
502934,0.03548153511947864
502935,0.011098130841121495
502936,0.03548153511947864
502937,0.11844484629294756
502938,0.011098130841121495
502939,0.011098130841121495
502940,0.011098130841121495
502941,0.0071174377224199285
502942,0.15853658536585366
502943,0.011098130841121495
502944,0.011098130841121495
502945,0.0071174377224199285
502946,0.09887640449438202
502947,0.49212598425196863
502948,0.09142857142857143
502949,0.14396887159533073
502950,0.06825938566552901
502951,0.11844484629294756
502952,0.023809523809523808
502953,0.03548153511947864
502954,0.04798464491362764
502955,0.011098130841121495
502956,0.09142857142857143
502957,0.03548153511947864
502958,0.011098130841121495
502959,0.0710172744721689
502960,0.0071174377224199285
502961,0.09887640449438202
502962,0.06825938566552901
502963,0.008130081300813009
502964,0.04798464491362764
502965,0.04081632653061224
502966,0.0071174377224199285
502967,0.011098130841121495
502968,0.03548153511947864
502969,0.09142857142857143
502970,0.3975409836065574
502971,0.0028011204481792717
502972,0.23397435897435898
502973,0.0325
502974,0.0015151515151515152
502975,0.2662993572084481
502976,0.14396887159533073
502977,0.04798464491362764
502978,0.04081632653061224
502979,0.03548153511947864
502980,0.11844484629294756
502981,0.14396887159533073
502982,0.09142857142857143
502983,0.03548153511947864
502984,0.23397435897435898
502985,0.03548153511947864
502986,0.23397435897435898
502987,0.14396887159533073
502988,0.11844484629294756
502989,0.03548153511947864
502990,0.49212598425196863
502991,0.03548153511947864
502992,0.0710172744721689
502993,0.0710172744721689
502994,0.011098130841121495
502995,0.11844484629294756
502996,0.0325
502997,0.344139650872818
502998,0.43805309734513276
502999,0.008130081300813009
503000,0.011098130841121495
503001,0.011098130841121495
503002,0.1493670886075949
503003,0.7222222222222222
503004,0.02127659574468085
503005,0.04798464491362764
503006,0.1493670886075949
503007,0.06310679611650485
503008,0.008130081300813009
503009,0.0015151515151515152
503010,0.38461538461538464
503011,0.07920792079207921
503012,0.011098130841121495
503013,0.49212598425196863
503014,0.256
503015,0.09142857142857143
503016,0.06825938566552901
503017,0.2662993572084481
503018,0.43805309734513276
503019,0.011098130841121495
503020,0.09142857142857143
503021,0.02127659574468085
503022,0.8064516129032258
503023,0.023809523809523808
503024,0.0071174377224199285
503025,0.03548153511947864
503026,0.0325
503027,0.0071174377224199285
503028,0.11844484629294756
503029,0.02127659574468085
503030,0.011098130841121495
503031,0.04798464491362764
503032,0.09887640449438202
503033,0.09142857142857143
503034,0.2662993572084481
503035,0.11844484629294756
503036,0.11844484629294756
503037,0.5946745562130178
503038,0.03548153511947864
503039,0.344139650872818
503040,0.43805309734513276
503041,0.344139650872818
503042,0.15853658536585366
503043,0.11844484629294756
503044,0.344139650872818
503045,0.023809523809523808
503046,0.0325
503047,0.09887640449438202
503048,0.011098130841121495
503049,0.14396887159533073
503050,0.11844484629294756
503051,0.04798464491362764
503052,0.0710172744721689
503053,0.04798464491362764
503054,0.29411764705882354
503055,0.1493670886075949
503056,0.6058823529411764
503057,0.09887640449438202
503058,0.14396887159533073
503059,0.1493670886075949
503060,0.04798464491362764
503061,0.1493670886075949
503062,0.03548153511947864
503063,0.0071174377224199285
503064,0.09887640449438202
503065,0.03548153511947864
503066,0.23397435897435898
503067,0.03548153511947864
503068,0.04798464491362764
503069,0.15853658536585366
503070,0.03548153511947864
503071,0.43805309734513276
503072,0.09142857142857143
503073,0.14396887159533073
503074,0.008130081300813009
503075,0.09142857142857143
503076,0.03548153511947864
503077,0.04798464491362764
503078,0.15853658536585366
503079,0.1518987341772152
503080,0.03548153511947864
503081,0.8064516129032258
503082,0.0325
503083,0.0071174377224199285
503084,0.04798464491362764
503085,0.5946745562130178
503086,0.0071174377224199285
503087,0.5967394564593955
503088,0.0710172744721689
503089,0.0015151515151515152
503090,0.0325
503091,0.09887640449438202
503092,0.03548153511947864
503093,0.09142857142857143
503094,0.09887640449438202
503095,0.49212598425196863
503096,0.03548153511947864
503097,0.14396887159533073
503098,0.5946745562130178
503099,0.008130081300813009
503100,0.1493670886075949
503101,0.2662993572084481
503102,0.0710172744721689
503103,0.011098130841121495
503104,0.0015151515151515152
503105,0.011098130841121495
503106,0.011098130841121495
503107,0.04081632653061224
503108,0.04798464491362764
503109,0.008130081300813009
503110,0.04798464491362764
503111,0.1493670886075949
503112,0.6058823529411764
503113,0.0028011204481792717
503114,0.09142857142857143
503115,0.02127659574468085
503116,0.0071174377224199285
503117,0.03548153511947864
503118,0.11844484629294756
503119,0.06825938566552901
503120,0.2662993572084481
503121,0.6058823529411764
503122,0.23397435897435898
503123,0.011098130841121495
503124,0.03296703296703297
503125,0.3975409836065574
503126,0.011098130841121495
503127,0.0015151515151515152
503128,0.04798464491362764
503129,0.023809523809523808
503130,0.0325
503131,0.11844484629294756
503132,0.09142857142857143
503133,0.2662993572084481
503134,0.29411764705882354
503135,0.344139650872818
503136,0.0015151515151515152
503137,0.11844484629294756
503138,0.0325
503139,0.11844484629294756
503140,0.37572254335260113
503141,0.2662993572084481
503142,0.23397435897435898
503143,0.04081632653061224
503144,0.09887640449438202
503145,0.0325
503146,0.22627737226277372
503147,0.6058823529411764
503148,0.06520309489462431
503149,0.03548153511947864
503150,0.011098130841121495
503151,0.03548153511947864
503152,0.8064516129032258
503153,0.0071174377224199285
503154,0.23397435897435898
503155,0.1493670886075949
503156,0.09887640449438202
503157,0.03548153511947864
503158,0.23397435897435898
503159,0.14396887159533073
503160,0.011098130841121495
503161,0.008130081300813009
503162,0.0071174377224199285
503163,0.5757575757575758
503164,0.0071174377224199285
503165,0.011098130841121495
503166,0.09142857142857143
503167,0.04798464491362764
503168,0.11844484629294756
503169,0.3975409836065574
503170,0.23397435897435898
503171,0.1493670886075949
503172,0.06310679611650485
503173,0.011098130841121495
503174,0.0710172744721689
503175,0.09887640449438202
503176,0.04798464491362764
503177,0.3975409836065574
503178,0.03548153511947864
503179,0.23397435897435898
503180,0.0071174377224199285
503181,0.04798464491362764
503182,0.03548153511947864
503183,0.0015151515151515152
503184,0.03548153511947864
503185,0.04081632653061224
503186,0.45614035087719296
503187,0.04798464491362764
503188,0.0071174377224199285
503189,0.023809523809523808
503190,0.11844484629294756
503191,0.5946745562130178
503192,0.04798464491362764
503193,0.011098130841121495
503194,0.04798464491362764
503195,0.008130081300813009
503196,0.1493670886075949
503197,0.06593406593406594
503198,0.011098130841121495
503199,0.15853658536585366
503200,0.0071174377224199285
503201,0.04081632653061224
503202,0.1493670886075949
503203,0.14396887159533073
503204,0.37572254335260113
503205,0.04798464491362764
503206,0.0325
503207,0.0015151515151515152
503208,0.09887640449438202
503209,0.11844484629294756
503210,0.03548153511947864
503211,0.11844484629294756
503212,0.49212598425196863
503213,0.04798464491362764
503214,0.0325
503215,0.011098130841121495
503216,0.23397435897435898
503217,0.6058823529411764
503218,0.06825938566552901
503219,0.09142857142857143
503220,0.04798464491362764
503221,0.49212598425196863
503222,0.04798464491362764
503223,0.0028011204481792717
503224,0.0015151515151515152
503225,0.14396887159533073
503226,0.5946745562130178
503227,0.344139650872818
503228,0.23397435897435898
503229,0.0325
503230,0.0071174377224199285
503231,0.04081632653061224
503232,0.45614035087719296
503233,0.02127659574468085
503234,0.23397435897435898
503235,0.49212598425196863
503236,0.5946745562130178
503237,0.344139650872818
503238,0.0710172744721689
503239,0.04798464491362764
503240,0.43805309734513276
503241,0.15853658536585366
503242,0.09142857142857143
503243,0.06825938566552901
503244,0.011098130841121495
503245,0.04798464491362764
503246,0.0071174377224199285
503247,0.011098130841121495
503248,0.0325
503249,0.04081632653061224
503250,0.0325
503251,0.344139650872818
503252,0.6058823529411764
503253,0.04081632653061224
503254,0.023809523809523808
503255,0.2662993572084481
503256,0.1493670886075949
503257,0.11844484629294756
503258,0.1493670886075949
503259,0.09887640449438202
503260,0.09887640449438202
503261,0.03548153511947864
503262,0.49212598425196863
503263,0.0325
503264,0.023809523809523808
503265,0.2662993572084481
503266,0.008130081300813009
503267,0.18421052631578946
503268,0.03548153511947864
503269,0.6058823529411764
503270,0.11844484629294756
503271,0.14112584102067274
503272,0.1518987341772152
503273,0.1493670886075949
503274,0.008130081300813009
503275,0.023809523809523808
503276,0.06310679611650485
503277,0.09887640449438202
503278,0.45614035087719296
503279,0.0710172744721689
503280,0.09887640449438202
503281,0.15853658536585366
503282,0.256
503283,0.18421052631578946
503284,0.03548153511947864
503285,0.2662993572084481
503286,0.06825938566552901
503287,0.6058823529411764
503288,0.43805309734513276
503289,0.008130081300813009
503290,0.04081632653061224
503291,0.22627737226277372
503292,0.023809523809523808
503293,0.14396887159533073
503294,0.008130081300813009
503295,0.0325
503296,0.008130081300813009
503297,0.023809523809523808
503298,0.011098130841121495
503299,0.04081632653061224
503300,0.011098130841121495
503301,0.09142857142857143
503302,0.011098130841121495
503303,0.0015151515151515152
503304,0.011098130841121495
503305,0.008130081300813009
503306,0.03548153511947864
503307,0.011098130841121495
503308,0.04798464491362764
503309,0.11844484629294756
503310,0.11844484629294756
503311,0.344139650872818
503312,0.15853658536585366
503313,0.7222222222222222
503314,0.04798464491362764
503315,0.2662993572084481
503316,0.1493670886075949
503317,0.03548153511947864
503318,0.06825938566552901
503319,0.256
503320,0.011098130841121495
503321,0.1493670886075949
503322,0.14396887159533073
503323,0.03548153511947864
503324,0.344139650872818
503325,0.04798464491362764
503326,0.008130081300813009
503327,0.0071174377224199285
503328,0.11844484629294756
503329,0.011098130841121495
503330,0.0325
503331,0.0710172744721689
503332,0.0071174377224199285
503333,0.06825938566552901
503334,0.0071174377224199285
503335,0.11844484629294756
503336,0.04081632653061224
503337,0.03548153511947864
503338,0.09887640449438202
503339,0.11844484629294756
503340,0.0015151515151515152
503341,0.1493670886075949
503342,0.49212598425196863
503343,0.22627737226277372
503344,0.2662993572084481
503345,0.6058823529411764
503346,0.09142857142857143
503347,0.37572254335260113
503348,0.0071174377224199285
503349,0.03548153511947864
503350,0.11844484629294756
503351,0.0071174377224199285
503352,0.2662993572084481
503353,0.06825938566552901
503354,0.032584712113258314
503355,0.03548153511947864
503356,0.5946745562130178
503357,0.11844484629294756
503358,0.1493670886075949
503359,0.05263157894736842
503360,0.008130081300813009
503361,0.0710172744721689
503362,0.1493670886075949
503363,0.3975409836065574
503364,0.2662993572084481
503365,0.04798464491362764
503366,0.011098130841121495
503367,0.0015151515151515152
503368,0.07920792079207921
503369,0.011098130841121495
503370,0.2662993572084481
503371,0.2662993572084481
503372,0.1493670886075949
503373,0.11844484629294756
503374,0.09142857142857143
503375,0.2662993572084481
503376,0.09887640449438202
503377,0.0710172744721689
503378,0.0325
503379,0.0325
503380,0.04798464491362764
503381,0.7222222222222222
503382,0.0710172744721689
503383,0.03548153511947864
503384,0.0015151515151515152
503385,0.04798464491362764
503386,0.43805309734513276
503387,0.11844484629294756
503388,0.008130081300813009
503389,0.008130081300813009
503390,0.1493670886075949
503391,0.3975409836065574
503392,0.04798464491362764
503393,0.011098130841121495
503394,0.04798464491362764
503395,0.04798464491362764
503396,0.011098130841121495
503397,0.344139650872818
503398,0.02127659574468085
503399,0.04798464491362764
503400,0.0015151515151515152
503401,0.14396887159533073
503402,0.6058823529411764
503403,0.15853658536585366
503404,0.0071174377224199285
503405,0.0071174377224199285
503406,0.09142857142857143
503407,0.03548153511947864
503408,0.0028011204481792717
503409,0.11844484629294756
503410,0.011098130841121495
503411,0.0325
503412,0.37572254335260113
503413,0.2662993572084481
503414,0.03548153511947864
503415,0.45614035087719296
503416,0.03548153511947864
503417,0.3103448275862069
503418,0.11844484629294756
503419,0.0821917808219178
503420,0.49212598425196863
503421,0.11844484629294756
503422,0.0028011204481792717
503423,0.5946745562130178
503424,0.011098130841121495
503425,0.04798464491362764
503426,0.04081632653061224
503427,0.03548153511947864
503428,0.0325
503429,0.0071174377224199285
503430,0.14396887159533073
503431,0.06825938566552901
503432,0.3975409836065574
503433,0.011098130841121495
503434,0.2662993572084481
503435,0.04798464491362764
503436,0.1493670886075949
503437,0.11844484629294756
503438,0.008130081300813009
503439,0.008130081300813009
503440,0.011098130841121495
503441,0.09142857142857143
503442,0.03548153511947864
503443,0.6058823529411764
503444,0.0325
503445,0.344139650872818
503446,0.04081632653061224
503447,0.011098130841121495
503448,0.0015151515151515152
503449,0.023809523809523808
503450,0.0647389997220061
503451,0.49212598425196863
503452,0.0071174377224199285
503453,0.023809523809523808
503454,0.09142857142857143
503455,0.15853658536585366
503456,0.07920792079207921
503457,0.0071174377224199285
503458,0.04081632653061224
503459,0.0071174377224199285
503460,0.22627737226277372
503461,0.0710172744721689
503462,0.0015151515151515152
503463,0.1493670886075949
503464,0.0071174377224199285
503465,0.023809523809523808
503466,0.7222222222222222
503467,0.0325
503468,0.15853658536585366
503469,0.5946745562130178
503470,0.1493670886075949
503471,0.0015151515151515152
503472,0.3975409836065574
503473,0.0028011204481792717
503474,0.3975409836065574
503475,0.0015151515151515152
503476,0.6058823529411764
503477,0.11844484629294756
503478,0.04798464491362764
503479,0.1493670886075949
503480,0.18421052631578946
503481,0.6058823529411764
503482,0.1493670886075949
503483,0.03548153511947864
503484,0.23397435897435898
503485,0.0071174377224199285
503486,0.18421052631578946
503487,0.14396887159533073
503488,0.09142857142857143
503489,0.09142857142857143
503490,0.5946745562130178
503491,0.023809523809523808
503492,0.18421052631578946
503493,0.011098130841121495
503494,0.11844484629294756
503495,0.0325
503496,0.11844484629294756
503497,0.0015151515151515152
503498,0.7222222222222222
503499,0.04798464491362764
503500,0.09142857142857143
503501,0.03548153511947864
503502,0.13559322033898305
503503,0.0071174377224199285
503504,0.0710172744721689
503505,0.09142857142857143
503506,0.011098130841121495
503507,0.11844484629294756
503508,0.2662993572084481
503509,0.344139650872818
503510,0.2662993572084481
503511,0.43805309734513276
503512,0.23397435897435898
503513,0.15853658536585366
503514,0.03548153511947864
503515,0.03548153511947864
503516,0.011098130841121495
503517,0.5946745562130178
503518,0.15853658536585366
503519,0.256
503520,0.04798464491362764
503521,0.06825938566552901
503522,0.6058823529411764
503523,0.5555555555555556
503524,0.008130081300813009
503525,0.07920792079207921
503526,0.1493670886075949
503527,0.09142857142857143
503528,0.04798464491362764
503529,0.11844484629294756
503530,0.43805309734513276
503531,0.23397435897435898
503532,0.04798464491362764
503533,0.0071174377224199285
503534,0.14396887159533073
503535,0.09142857142857143
503536,0.0710172744721689
503537,0.5946745562130178
503538,0.1493670886075949
503539,0.14396887159533073
503540,0.09887640449438202
503541,0.09887640449438202
503542,0.023809523809523808
503543,0.43805309734513276
503544,0.2662993572084481
503545,0.1493670886075949
503546,0.11844484629294756
503547,0.04081632653061224
503548,0.04798464491362764
503549,0.008130081300813009
503550,0.29411764705882354
503551,0.06825938566552901
503552,0.15853658536585366
503553,0.11844484629294756
503554,0.15853658536585366
503555,0.344139650872818
503556,0.11844484629294756
503557,0.011098130841121495
503558,0.06825938566552901
503559,0.09142857142857143
503560,0.09887640449438202
503561,0.0028011204481792717
503562,0.011098130841121495
503563,0.04798464491362764
503564,0.0028011204481792717
503565,0.1493670886075949
503566,0.09887640449438202
503567,0.0028011204481792717
503568,0.03548153511947864
503569,0.5946745562130178
503570,0.09142857142857143
503571,0.06825938566552901
503572,0.0071174377224199285
503573,0.011098130841121495
503574,0.23397435897435898
503575,0.0071174377224199285
503576,0.03548153511947864
503577,0.5946745562130178
503578,0.011098130841121495
503579,0.0071174377224199285
503580,0.1493670886075949
503581,0.6582278481012658
503582,0.11844484629294756
503583,0.6058823529411764
503584,0.11844484629294756
503585,0.03548153511947864
503586,0.011098130841121495
503587,0.011098130841121495
503588,0.0071174377224199285
503589,0.344139650872818
503590,0.0071174377224199285
503591,0.1493670886075949
503592,0.03548153511947864
503593,0.04798464491362764
503594,0.11844484629294756
503595,0.0710172744721689
503596,0.1493670886075949
503597,0.03548153511947864
503598,0.7222222222222222
503599,0.04081632653061224
503600,0.2662993572084481
503601,0.008130081300813009
503602,0.0071174377224199285
503603,0.03548153511947864
503604,0.09142857142857143
503605,0.011098130841121495
503606,0.11844484629294756
503607,0.09142857142857143
503608,0.05263157894736842
503609,0.09887640449438202
503610,0.1493670886075949
503611,0.008130081300813009
503612,0.03548153511947864
503613,0.1493670886075949
503614,0.6058823529411764
503615,0.5946745562130178
503616,0.09887640449438202
503617,0.03548153511947864
503618,0.011098130841121495
503619,0.11844484629294756
503620,0.03548153511947864
503621,0.5555555555555556
503622,0.04798464491362764
503623,0.008130081300813009
503624,0.0015151515151515152
503625,0.2662993572084481
503626,0.011098130841121495
503627,0.0071174377224199285
503628,0.11844484629294756
503629,0.11844484629294756
503630,0.011098130841121495
503631,0.0028011204481792717
503632,0.09142857142857143
503633,0.09887640449438202
503634,0.11844484629294756
503635,0.04798464491362764
503636,0.04798464491362764
503637,0.04798464491362764
503638,0.04798464491362764
503639,0.03548153511947864
503640,0.0015151515151515152
503641,0.023809523809523808
503642,0.06825938566552901
503643,0.0325
503644,0.03548153511947864
503645,0.344139650872818
503646,0.2662993572084481
503647,0.02127659574468085
503648,0.344139650872818
503649,0.05263157894736842
503650,0.04798464491362764
503651,0.04798464491362764
503652,0.0028011204481792717
503653,0.023809523809523808
503654,0.1493670886075949
503655,0.04081632653061224
503656,0.5946745562130178
503657,0.0028011204481792717
503658,0.43805309734513276
503659,0.18421052631578946
503660,0.13559322033898305
503661,0.04798464491362764
503662,0.03548153511947864
503663,0.03548153511947864
503664,0.0015151515151515152
503665,0.0071174377224199285
503666,0.0071174377224199285
503667,0.5946745562130178
503668,0.1493670886075949
503669,0.06825938566552901
503670,0.1493670886075949
503671,0.09142857142857143
503672,0.03548153511947864
503673,0.0071174377224199285
503674,0.09887640449438202
503675,0.49212598425196863
503676,0.0071174377224199285
503677,0.0325
503678,0.09887640449438202
503679,0.11844484629294756
503680,0.09887640449438202
503681,0.04798464491362764
503682,0.0071174377224199285
503683,0.2662993572084481
503684,0.0028011204481792717
503685,0.2662993572084481
503686,0.04798464491362764
503687,0.0325
503688,0.344139650872818
503689,0.09887640449438202
503690,0.03548153511947864
503691,0.03548153511947864
503692,0.0325
503693,0.11844484629294756
503694,0.37572254335260113
503695,0.011098130841121495
503696,0.0015151515151515152
503697,0.03548153511947864
503698,0.03548153511947864
503699,0.0325
503700,0.49212598425196863
503701,0.0710172744721689
503702,0.03548153511947864
503703,0.256
503704,0.09887640449438202
503705,0.0821917808219178
503706,0.011098130841121495
503707,0.14396887159533073
503708,0.5946745562130178
503709,0.008130081300813009
503710,0.6582278481012658
503711,0.3975409836065574
503712,0.0071174377224199285
503713,0.11844484629294756
503714,0.03548153511947864
503715,0.02127659574468085
503716,0.2662993572084481
503717,0.02127659574468085
503718,0.04798464491362764
503719,0.03548153511947864
503720,0.011098130841121495
503721,0.04081632653061224
503722,0.344139650872818
503723,0.04081632653061224
503724,0.0071174377224199285
503725,0.5946745562130178
503726,0.04798464491362764
503727,0.09887640449438202
503728,0.5757575757575758
503729,0.0071174377224199285
503730,0.14396887159533073
503731,0.2662993572084481
503732,0.023809523809523808
503733,0.09142857142857143
503734,0.2662993572084481
503735,0.0325
503736,0.344139650872818
503737,0.0325
503738,0.008130081300813009
503739,0.0325
503740,0.2662993572084481
503741,0.04081632653061224
503742,0.03548153511947864
503743,0.15853658536585366
503744,0.0071174377224199285
503745,0.1493670886075949
503746,0.6582278481012658
503747,0.09142857142857143
503748,0.0071174377224199285
503749,0.2662993572084481
503750,0.1493670886075949
503751,0.04798464491362764
503752,0.15853658536585366
503753,0.11844484629294756
503754,0.03548153511947864
503755,0.5946745562130178
503756,0.023809523809523808
503757,0.04798464491362764
503758,0.13831427963906306
503759,0.011098130841121495
503760,0.2662993572084481
503761,0.14396887159533073
503762,0.03548153511947864
503763,0.49212598425196863
503764,0.43805309734513276
503765,0.2662993572084481
503766,0.23397435897435898
503767,0.09142857142857143
503768,0.11844484629294756
503769,0.011098130841121495
503770,0.14396887159533073
503771,0.23397435897435898
503772,0.0710172744721689
503773,0.344139650872818
503774,0.03296703296703297
503775,0.11844484629294756
503776,0.09887640449438202
503777,0.09887640449438202
503778,0.0071174377224199285
503779,0.0325
503780,0.09887640449438202
503781,0.04798464491362764
503782,0.11844484629294756
503783,0.011098130841121495
503784,0.11844484629294756
503785,0.09887640449438202
503786,0.0071174377224199285
503787,0.0015151515151515152
503788,0.023809523809523808
503789,0.11844484629294756
503790,0.2662993572084481
503791,0.09887640449438202
503792,0.011098130841121495
503793,0.04798464491362764
503794,0.18421052631578946
503795,0.2662993572084481
503796,0.09142857142857143
503797,0.03548153511947864
503798,0.06825938566552901
503799,0.011098130841121495
503800,0.011098130841121495
503801,0.011098130841121495
503802,0.09887640449438202
503803,0.2662993572084481
503804,0.2662993572084481
503805,0.02127659574468085
503806,0.04081632653061224
503807,0.1493670886075949
503808,0.09887640449438202
503809,0.3103448275862069
503810,0.2662993572084481
503811,0.03548153511947864
503812,0.2662993572084481
503813,0.11844484629294756
503814,0.14396887159533073
503815,0.1493670886075949
503816,0.04798464491362764
503817,0.11844484629294756
503818,0.0071174377224199285
503819,0.02127659574468085
503820,0.2662993572084481
503821,0.03548153511947864
503822,0.11844484629294756
503823,0.011098130841121495
503824,0.344139650872818
503825,0.43805309734513276
503826,0.344139650872818
503827,0.09887640449438202
503828,0.1518987341772152
503829,0.023809523809523808
503830,0.6058823529411764
503831,0.22627737226277372
503832,0.11844484629294756
503833,0.11844484629294756
503834,0.0071174377224199285
503835,0.14396887159533073
503836,0.0071174377224199285
503837,0.04798464491362764
503838,0.0071174377224199285
503839,0.0071174377224199285
503840,0.06310679611650485
503841,0.04798464491362764
503842,0.008130081300813009
503843,0.11844484629294756
503844,0.23397435897435898
503845,0.2662993572084481
503846,0.04798464491362764
503847,0.0028011204481792717
503848,0.011098130841121495
503849,0.29411764705882354
503850,0.04798464491362764
503851,0.0710172744721689
503852,0.0015151515151515152
503853,0.14396887159533073
503854,0.11844484629294756
503855,0.09887640449438202
503856,0.011098130841121495
503857,0.1493670886075949
503858,0.18421052631578946
503859,0.256
503860,0.09142857142857143
503861,0.06825938566552901
503862,0.023809523809523808
503863,0.344139650872818
503864,0.14396887159533073
503865,0.008130081300813009
503866,0.3975409836065574
503867,0.11844484629294756
503868,0.0015151515151515152
503869,0.11844484629294756
503870,0.344139650872818
503871,0.0710172744721689
503872,0.06825938566552901
503873,0.38461538461538464
503874,0.256
503875,0.1493670886075949
503876,0.6058823529411764
503877,0.49212598425196863
503878,0.344139650872818
503879,0.07920792079207921
503880,0.14396887159533073
503881,0.02127659574468085
503882,0.011098130841121495
503883,0.04081632653061224
503884,0.0028011204481792717
503885,0.0028011204481792717
503886,0.04798464491362764
503887,0.05263157894736842
503888,0.008130081300813009
503889,0.011098130841121495
503890,0.023809523809523808
503891,0.05263157894736842
503892,0.37572254335260113
503893,0.03296703296703297
503894,0.6582278481012658
503895,0.344139650872818
503896,0.011098130841121495
503897,0.04798464491362764
503898,0.09142857142857143
503899,0.03548153511947864
503900,0.04798464491362764
503901,0.008130081300813009
503902,0.11844484629294756
503903,0.6582278481012658
503904,0.09887640449438202
503905,0.11844484629294756
503906,0.09142857142857143
503907,0.43805309734513276
503908,0.008130081300813009
503909,0.0325
503910,0.1493670886075949
503911,0.0015151515151515152
503912,0.14396887159533073
503913,0.0071174377224199285
503914,0.1493670886075949
503915,0.11844484629294756
503916,0.0071174377224199285
503917,0.0028011204481792717
503918,0.1493670886075949
503919,0.03548153511947864
503920,0.05263157894736842
503921,0.0015151515151515152
503922,0.0071174377224199285
503923,0.11844484629294756
503924,0.1493670886075949
503925,0.29411764705882354
503926,0.06310679611650485
503927,0.09142857142857143
503928,0.011098130841121495
503929,0.11844484629294756
503930,0.11844484629294756
503931,0.011098130841121495
503932,0.03548153511947864
503933,0.0325
503934,0.06310679611650485
503935,0.11844484629294756
503936,0.23397435897435898
503937,0.04798464491362764
503938,0.0015151515151515152
503939,0.03548153511947864
503940,0.0710172744721689
503941,0.344139650872818
503942,0.04798464491362764
503943,0.008130081300813009
503944,0.0071174377224199285
503945,0.023809523809523808
503946,0.011098130841121495
503947,0.6582278481012658
503948,0.0710172744721689
503949,0.5946745562130178
503950,0.0325
503951,0.1493670886075949
503952,0.09142857142857143
503953,0.344139650872818
503954,0.2662993572084481
503955,0.04798464491362764
503956,0.1493670886075949
503957,0.03296703296703297
503958,0.008130081300813009
503959,0.011098130841121495
503960,0.18421052631578946
503961,0.0710172744721689
503962,0.0325
503963,0.023809523809523808
503964,0.09142857142857143
503965,0.18421052631578946
503966,0.11844484629294756
503967,0.2662993572084481
503968,0.11844484629294756
503969,0.011098130841121495
503970,0.03548153511947864
503971,0.09142857142857143
503972,0.04798464491362764
503973,0.04798464491362764
503974,0.0028011204481792717
503975,0.37572254335260113
503976,0.2662993572084481
503977,0.0071174377224199285
503978,0.14396887159533073
503979,0.023809523809523808
503980,0.03548153511947864
503981,0.023809523809523808
503982,0.43805309734513276
503983,0.04798464491362764
503984,0.23397435897435898
503985,0.18461538461538463
503986,0.49212598425196863
503987,0.04798464491362764
503988,0.011098130841121495
503989,0.0015151515151515152
503990,0.49212598425196863
503991,0.2662993572084481
503992,0.011098130841121495
503993,0.0071174377224199285
503994,0.344139650872818
503995,0.04081632653061224
503996,0.09887640449438202
503997,0.04798464491362764
503998,0.0325
503999,0.0071174377224199285
504000,0.256
504001,0.2662993572084481
504002,0.011098130841121495
504003,0.11844484629294756
504004,0.22627737226277372
504005,0.03548153511947864
504006,0.2662993572084481
504007,0.2662993572084481
504008,0.11844484629294756
504009,0.14396887159533073
504010,0.04798464491362764
504011,0.18421052631578946
504012,0.11844484629294756
504013,0.09142857142857143
504014,0.15853658536585366
504015,0.15853658536585366
504016,0.04798464491362764
504017,0.22627737226277372
504018,0.23397435897435898
504019,0.09887640449438202
504020,0.09887640449438202
504021,0.256
504022,0.0071174377224199285
504023,0.02127659574468085
504024,0.09142857142857143
504025,0.09887640449438202
504026,0.04798464491362764
504027,0.09142857142857143
504028,0.04798464491362764
504029,0.09142857142857143
504030,0.0325
504031,0.008130081300813009
504032,0.03548153511947864
504033,0.04798464491362764
504034,0.011098130841121495
504035,0.0710172744721689
504036,0.09142857142857143
504037,0.0071174377224199285
504038,0.23397435897435898
504039,0.5757575757575758
504040,0.1493670886075949
504041,0.3103448275862069
504042,0.0071174377224199285
504043,0.344139650872818
504044,0.29411764705882354
504045,0.0071174377224199285
504046,0.11844484629294756
504047,0.0071174377224199285
504048,0.04798464491362764
504049,0.04798464491362764
504050,0.09887640449438202
504051,0.6582278481012658
504052,0.011098130841121495
504053,0.2662993572084481
504054,0.03548153511947864
504055,0.15853658536585366
504056,0.11844484629294756
504057,0.023809523809523808
504058,0.49212598425196863
504059,0.11844484629294756
504060,0.0071174377224199285
504061,0.2662993572084481
504062,0.09887640449438202
504063,0.1493670886075949
504064,0.04081632653061224
504065,0.0071174377224199285
504066,0.03548153511947864
504067,0.11844484629294756
504068,0.09887640449438202
504069,0.03296703296703297
504070,0.1493670886075949
504071,0.0710172744721689
504072,0.1518987341772152
504073,0.7222222222222222
504074,0.2662993572084481
504075,0.0710172744721689
504076,0.0325
504077,0.2662993572084481
504078,0.04798464491362764
504079,0.03548153511947864
504080,0.1493670886075949
504081,0.0710172744721689
504082,0.0710172744721689
504083,0.011098130841121495
504084,0.03548153511947864
504085,0.14396887159533073
504086,0.03548153511947864
504087,0.7222222222222222
504088,0.344139650872818
504089,0.023809523809523808
504090,0.0325
504091,0.023809523809523808
504092,0.2662993572084481
504093,0.2662993572084481
504094,0.38461538461538464
504095,0.14396887159533073
504096,0.04081632653061224
504097,0.2662993572084481
504098,0.3975409836065574
504099,0.15853658536585366
504100,0.22627737226277372
504101,0.03296703296703297
504102,0.011098130841121495
504103,0.04798464491362764
504104,0.2662993572084481
504105,0.0071174377224199285
504106,0.6058823529411764
504107,0.04081632653061224
504108,0.09887640449438202
504109,0.0325
504110,0.0325
504111,0.0028011204481792717
504112,0.2662993572084481
504113,0.0015151515151515152
504114,0.2662993572084481
504115,0.0325
504116,0.14396887159533073
504117,0.0015151515151515152
504118,0.06310679611650485
504119,0.2662993572084481
504120,0.1493670886075949
504121,0.0015151515151515152
504122,0.09887640449438202
504123,0.02127659574468085
504124,0.1493670886075949
504125,0.11844484629294756
504126,0.29411764705882354
504127,0.2662993572084481
504128,0.04081632653061224
504129,0.0710172744721689
504130,0.0071174377224199285
504131,0.04798464491362764
504132,0.11844484629294756
504133,0.09142857142857143
504134,0.11844484629294756
504135,0.09887640449438202
504136,0.011098130841121495
504137,0.2662993572084481
504138,0.04798464491362764
504139,0.03548153511947864
504140,0.1518987341772152
504141,0.011098130841121495
504142,0.06310679611650485
504143,0.008130081300813009
504144,0.18461538461538463
504145,0.03548153511947864
504146,0.0015151515151515152
504147,0.1493670886075949
504148,0.011098130841121495
504149,0.09142857142857143
504150,0.03296703296703297
504151,0.0325
504152,0.008130081300813009
504153,0.0071174377224199285
504154,0.03548153511947864
504155,0.0071174377224199285
504156,0.1493670886075949
504157,0.2662993572084481
504158,0.11844484629294756
504159,0.0015151515151515152
504160,0.0071174377224199285
504161,0.09142857142857143
504162,0.1493670886075949
504163,0.1493670886075949
504164,0.023809523809523808
504165,0.11844484629294756
504166,0.0325
504167,0.04798464491362764
504168,0.22627737226277372
504169,0.0071174377224199285
504170,0.0071174377224199285
504171,0.09142857142857143
504172,0.5946745562130178
504173,0.011098130841121495
504174,0.03548153511947864
504175,0.04798464491362764
504176,0.09887640449438202
504177,0.38461538461538464
504178,0.008130081300813009
504179,0.04798464491362764
504180,0.14396887159533073
504181,0.04798464491362764
504182,0.011098130841121495
504183,0.11844484629294756
504184,0.04081632653061224
504185,0.0325
504186,0.11844484629294756
504187,0.008130081300813009
504188,0.23397435897435898
504189,0.03296703296703297
504190,0.0028011204481792717
504191,0.09142857142857143
504192,0.11844484629294756
504193,0.11844484629294756
504194,0.023809523809523808
504195,0.011098130841121495
504196,0.04798464491362764
504197,0.008130081300813009
504198,0.23397435897435898
504199,0.008130081300813009
504200,0.011098130841121495
504201,0.11844484629294756
504202,0.2662993572084481
504203,0.03548153511947864
504204,0.2662993572084481
504205,0.09142857142857143
504206,0.03548153511947864
504207,0.0071174377224199285
504208,0.0325
504209,0.0710172744721689
504210,0.011098130841121495
504211,0.04798464491362764
504212,0.09887640449438202
504213,0.13559322033898305
504214,0.008130081300813009
504215,0.2662993572084481
504216,0.7222222222222222
504217,0.011098130841121495
504218,0.0071174377224199285
504219,0.09887640449438202
504220,0.18421052631578946
504221,0.03548153511947864
504222,0.43805309734513276
504223,0.5946745562130178
504224,0.04798464491362764
504225,0.09142857142857143
504226,0.0071174377224199285
504227,0.0015151515151515152
504228,0.23397435897435898
504229,0.2662993572084481
504230,0.09142857142857143
504231,0.04081632653061224
504232,0.09142857142857143
504233,0.11844484629294756
504234,0.04798464491362764
504235,0.011098130841121495
504236,0.011098130841121495
504237,0.0071174377224199285
504238,0.09142857142857143
504239,0.11844484629294756
504240,0.06825938566552901
504241,0.6058823529411764
504242,0.83716616904638
504243,0.2662993572084481
504244,0.256
504245,0.04798464491362764
504246,0.38461538461538464
504247,0.023809523809523808
504248,0.2662993572084481
504249,0.11844484629294756
504250,0.11844484629294756
504251,0.0071174377224199285
504252,0.43805309734513276
504253,0.29411764705882354
504254,0.023809523809523808
504255,0.11844484629294756
504256,0.0710172744721689
504257,0.0015151515151515152
504258,0.023809523809523808
504259,0.43805309734513276
504260,0.09142857142857143
504261,0.6058823529411764
504262,0.15853658536585366
504263,0.0015151515151515152
504264,0.02127659574468085
504265,0.09887640449438202
504266,0.011098130841121495
504267,0.04798464491362764
504268,0.03296703296703297
504269,0.0028011204481792717
504270,0.11844484629294756
504271,0.0071174377224199285
504272,0.2662993572084481
504273,0.22627737226277372
504274,0.09887640449438202
504275,0.011098130841121495
504276,0.0325
504277,0.29411764705882354
504278,0.6058823529411764
504279,0.38461538461538464
504280,0.09142857142857143
504281,0.0071174377224199285
504282,0.04798464491362764
504283,0.5946745562130178
504284,0.011098130841121495
504285,0.04798464491362764
504286,0.011098130841121495
504287,0.011098130841121495
504288,0.011098130841121495
504289,0.43805309734513276
504290,0.09887640449438202
504291,0.011098130841121495
504292,0.0071174377224199285
504293,0.2662993572084481
504294,0.09887640449438202
504295,0.11844484629294756
504296,0.18421052631578946
504297,0.2662993572084481
504298,0.04798464491362764
504299,0.0015151515151515152
504300,0.008130081300813009
504301,0.2662993572084481
504302,0.11844484629294756
504303,0.09887640449438202
504304,0.18421052631578946
504305,0.1493670886075949
504306,0.29411764705882354
504307,0.5946745562130178
504308,0.49212598425196863
504309,0.023809523809523808
504310,0.09142857142857143
504311,0.04798464491362764
504312,0.37572254335260113
504313,0.0015151515151515152
504314,0.43805309734513276
504315,0.1493670886075949
504316,0.03548153511947864
504317,0.11844484629294756
504318,0.008130081300813009
504319,0.1493670886075949
504320,0.0710172744721689
504321,0.0071174377224199285
504322,0.09142857142857143
504323,0.09142857142857143
504324,0.43805309734513276
504325,0.15853658536585366
504326,0.3975409836065574
504327,0.0028011204481792717
504328,0.1493670886075949
504329,0.0015151515151515152
504330,0.04798464491362764
504331,0.03548153511947864
504332,0.011098130841121495
504333,0.02127659574468085
504334,0.1493670886075949
504335,0.008130081300813009
504336,0.11844484629294756
504337,0.04798464491362764
504338,0.13559322033898305
504339,0.344139650872818
504340,0.09887640449438202
504341,0.04798464491362764
504342,0.09887640449438202
504343,0.1493670886075949
504344,0.02127659574468085
504345,0.2662993572084481
504346,0.0071174377224199285
504347,0.43805309734513276
504348,0.011098130841121495
504349,0.03296703296703297
504350,0.14396887159533073
504351,0.0071174377224199285
504352,0.1493670886075949
504353,0.008130081300813009
504354,0.04798464491362764
504355,0.04798464491362764
504356,0.0710172744721689
504357,0.09887640449438202
504358,0.5946745562130178
504359,0.0710172744721689
504360,0.0071174377224199285
504361,0.2662993572084481
504362,0.09887640449438202
504363,0.11844484629294756
504364,0.344139650872818
504365,0.011098130841121495
504366,0.43805309734513276
504367,0.37572254335260113
504368,0.04081632653061224
504369,0.0015151515151515152
504370,0.344139650872818
504371,0.2662993572084481
504372,0.03548153511947864
504373,0.011098130841121495
504374,0.04798464491362764
504375,0.0325
504376,0.0071174377224199285
504377,0.04081632653061224
504378,0.04798464491362764
504379,0.011098130841121495
504380,0.0071174377224199285
504381,0.03548153511947864
504382,0.3975409836065574
504383,0.1493670886075949
504384,0.04798464491362764
504385,0.0071174377224199285
504386,0.09887640449438202
504387,0.11844484629294756
504388,0.011098130841121495
504389,0.8888888888888888
504390,0.1493670886075949
504391,0.3975409836065574
504392,0.344139650872818
504393,0.1493670886075949
504394,0.0071174377224199285
504395,0.023809523809523808
504396,0.0710172744721689
504397,0.6363636363636364
504398,0.49212598425196863
504399,0.008130081300813009
504400,0.011098130841121495
504401,0.1493670886075949
504402,0.2662993572084481
504403,0.1493670886075949
504404,0.008130081300813009
504405,0.04798464491362764
504406,0.09142857142857143
504407,0.2662993572084481
504408,0.04798464491362764
504409,0.5757575757575758
504410,0.1493670886075949
504411,0.2662993572084481
504412,0.11844484629294756
504413,0.11844484629294756
504414,0.03548153511947864
504415,0.2662993572084481
504416,0.09887640449438202
504417,0.011098130841121495
504418,0.0015151515151515152
504419,0.2662993572084481
504420,0.09142857142857143
504421,0.14396887159533073
504422,0.29411764705882354
504423,0.0071174377224199285
504424,0.1493670886075949
504425,0.1493670886075949
504426,0.0071174377224199285
504427,0.43805309734513276
504428,0.14850284276519782
504429,0.23397435897435898
504430,0.344139650872818
504431,0.09887640449438202
504432,0.15853658536585366
504433,0.008130081300813009
504434,0.09887640449438202
504435,0.0071174377224199285
504436,0.011098130841121495
504437,0.06825938566552901
504438,0.5946745562130178
504439,0.09887640449438202
504440,0.09887640449438202
504441,0.2662993572084481
504442,0.09887640449438202
504443,0.6058823529411764
504444,0.0325
504445,0.3975409836065574
504446,0.011098130841121495
504447,0.2662993572084481
504448,0.256
504449,0.15853658536585366
504450,0.09887640449438202
504451,0.09142857142857143
504452,0.0028011204481792717
504453,0.7222222222222222
504454,0.03548153511947864
504455,0.008130081300813009
504456,0.0071174377224199285
504457,0.09887640449438202
504458,0.1493670886075949
504459,0.1493670886075949
504460,0.04798464491362764
504461,0.1493670886075949
504462,0.344139650872818
504463,0.0028011204481792717
504464,0.06310679611650485
504465,0.0015151515151515152
504466,0.11844484629294756
504467,0.0325
504468,0.11844484629294756
504469,0.0325
504470,0.09142857142857143
504471,0.03548153511947864
504472,0.0015151515151515152
504473,0.3975409836065574
504474,0.06825938566552901
504475,0.15853658536585366
504476,0.15853658536585366
504477,0.0325
504478,0.04798464491362764
504479,0.0071174377224199285
504480,0.04798464491362764
504481,0.0325
504482,0.11844484629294756
504483,0.11844484629294756
504484,0.0071174377224199285
504485,0.09142857142857143
504486,0.5946745562130178
504487,0.11844484629294756
504488,0.04798464491362764
504489,0.011098130841121495
504490,0.06593406593406594
504491,0.09887640449438202
504492,0.5946745562130178
504493,0.0071174377224199285
504494,0.11844484629294756
504495,0.04081632653061224
504496,0.03548153511947864
504497,0.13559322033898305
504498,0.0325
504499,0.6058823529411764
504500,0.49212598425196863
504501,0.0015151515151515152
504502,0.011098130841121495
504503,0.008130081300813009
504504,0.011098130841121495
504505,0.011098130841121495
504506,0.37572254335260113
504507,0.011098130841121495
504508,0.0821917808219178
504509,0.04081632653061224
504510,0.011098130841121495
504511,0.02127659574468085
504512,0.09142857142857143
504513,0.03548153511947864
504514,0.008130081300813009
504515,0.023809523809523808
504516,0.11844484629294756
504517,0.1493670886075949
504518,0.2662993572084481
504519,0.04798464491362764
504520,0.14396887159533073
504521,0.11844484629294756
504522,0.11844484629294756
504523,0.6058823529411764
504524,0.011098130841121495
504525,0.04081632653061224
504526,0.2662993572084481
504527,0.1518987341772152
504528,0.1493670886075949
504529,0.0325
504530,0.04798464491362764
504531,0.011098130841121495
504532,0.256
504533,0.1518987341772152
504534,0.49212598425196863
504535,0.11844484629294756
504536,0.04798464491362764
504537,0.11844484629294756
504538,0.09887640449438202
504539,0.15853658536585366
504540,0.04798464491362764
504541,0.0071174377224199285
504542,0.04798464491362764
504543,0.09142857142857143
504544,0.011098130841121495
504545,0.3975409836065574
504546,0.011098130841121495
504547,0.011098130841121495
504548,0.43805309734513276
504549,0.11844484629294756
504550,0.011098130841121495
504551,0.011098130841121495
504552,0.1493670886075949
504553,0.09887640449438202
504554,0.22627737226277372
504555,0.43805309734513276
504556,0.09887640449438202
504557,0.11844484629294756
504558,0.2662993572084481
504559,0.023809523809523808
504560,0.09142857142857143
504561,0.11844484629294756
504562,0.11844484629294756
504563,0.0325
504564,0.06310679611650485
504565,0.6058823529411764
504566,0.11844484629294756
504567,0.023809523809523808
504568,0.011098130841121495
504569,0.344139650872818
504570,0.03296703296703297
504571,0.49212598425196863
504572,0.0015151515151515152
504573,0.2662993572084481
504574,0.1493670886075949
504575,0.49212598425196863
504576,0.09887640449438202
504577,0.2662993572084481
504578,0.15853658536585366
504579,0.09887640449438202
504580,0.49212598425196863
504581,0.2662993572084481
504582,0.14396887159533073
504583,0.5946745562130178
504584,0.06310679611650485
504585,0.0071174377224199285
504586,0.1493670886075949
504587,0.011098130841121495
504588,0.04798464491362764
504589,0.09142857142857143
504590,0.0071174377224199285
504591,0.2662993572084481
504592,0.04798464491362764
504593,0.43805309734513276
504594,0.0325
504595,0.0821917808219178
504596,0.03548153511947864
504597,0.11844484629294756
504598,0.0710172744721689
504599,0.011098130841121495
504600,0.09142857142857143
504601,0.05263157894736842
504602,0.04798464491362764
504603,0.1493670886075949
504604,0.11844484629294756
504605,0.15853658536585366
504606,0.1493670886075949
504607,0.09887640449438202
504608,0.011098130841121495
504609,0.0071174377224199285
504610,0.1493670886075949
504611,0.06310679611650485
504612,0.09142857142857143
504613,0.43805309734513276
504614,0.04798464491362764
504615,0.06825938566552901
504616,0.5757575757575758
504617,0.008130081300813009
504618,0.03548153511947864
504619,0.2662993572084481
504620,0.04081632653061224
504621,0.11844484629294756
504622,0.1493670886075949
504623,0.0015151515151515152
504624,0.2662993572084481
504625,0.0071174377224199285
504626,0.0028011204481792717
504627,0.011098130841121495
504628,0.11844484629294756
504629,0.008130081300813009
504630,0.11844484629294756
504631,0.23397435897435898
504632,0.0015151515151515152
504633,0.0071174377224199285
504634,0.008130081300813009
504635,0.11844484629294756
504636,0.023236744075367945
504637,0.0071174377224199285
504638,0.11844484629294756
504639,0.09142857142857143
504640,0.1493670886075949
504641,0.23397435897435898
504642,0.04798464491362764
504643,0.03548153511947864
504644,0.09142857142857143
504645,0.11844484629294756
504646,0.03548153511947864
504647,0.256
504648,0.0325
504649,0.09142857142857143
504650,0.06310679611650485
504651,0.0710172744721689
504652,0.06310679611650485
504653,0.2662993572084481
504654,0.0071174377224199285
504655,0.008130081300813009
504656,0.11844484629294756
504657,0.03296703296703297
504658,0.011098130841121495
504659,0.04798464491362764
504660,0.09887640449438202
504661,0.09887640449438202
504662,0.7222222222222222
504663,0.03548153511947864
504664,0.0071174377224199285
504665,0.2662993572084481
504666,0.04798464491362764
504667,0.04798464491362764
504668,0.2662993572084481
504669,0.6582278481012658
504670,0.0071174377224199285
504671,0.2662993572084481
504672,0.11844484629294756
504673,0.0325
504674,0.09887640449438202
504675,0.0015151515151515152
504676,0.03548153511947864
504677,0.03296703296703297
504678,0.5946745562130178
504679,0.06310679611650485
504680,0.5946745562130178
504681,0.04081632653061224
504682,0.0710172744721689
504683,0.09887640449438202
504684,0.15853658536585366
504685,0.1493670886075949
504686,0.0071174377224199285
504687,0.2662993572084481
504688,0.04081632653061224
504689,0.011098130841121495
504690,0.7222222222222222
504691,0.0071174377224199285
504692,0.023809523809523808
504693,0.0710172744721689
504694,0.06593406593406594
504695,0.011098130841121495
504696,0.0071174377224199285
504697,0.011098130841121495
504698,0.04798464491362764
504699,0.06593406593406594
504700,0.7222222222222222
504701,0.008130081300813009
504702,0.18461538461538463
504703,0.2662993572084481
504704,0.7222222222222222
504705,0.2662993572084481
504706,0.04798464491362764
504707,0.15853658536585366
504708,0.0028011204481792717
504709,0.0071174377224199285
504710,0.011098130841121495
504711,0.23397435897435898
504712,0.03548153511947864
504713,0.09887640449438202
504714,0.23397435897435898
504715,0.11844484629294756
504716,0.011098130841121495
504717,0.5946745562130178
504718,0.0071174377224199285
504719,0.0325
504720,0.09887640449438202
504721,0.03548153511947864
504722,0.04798464491362764
504723,0.09142857142857143
504724,0.0071174377224199285
504725,0.09142857142857143
504726,0.023809523809523808
504727,0.49212598425196863
504728,0.04798464491362764
504729,0.0071174377224199285
504730,0.0710172744721689
504731,0.04798464491362764
504732,0.2662993572084481
504733,0.0015151515151515152
504734,0.05263157894736842
504735,0.11844484629294756
504736,0.008130081300813009
504737,0.011098130841121495
504738,0.011098130841121495
504739,0.04798464491362764
504740,0.23397435897435898
504741,0.0071174377224199285
504742,0.14396887159533073
504743,0.011098130841121495
504744,0.06825938566552901
504745,0.03548153511947864
504746,0.0710172744721689
504747,0.011098130841121495
504748,0.011098130841121495
504749,0.256
504750,0.011098130841121495
504751,0.011098130841121495
504752,0.0071174377224199285
504753,0.2662993572084481
504754,0.06310679611650485
504755,0.008130081300813009
504756,0.1493670886075949
504757,0.0071174377224199285
504758,0.1493670886075949
504759,0.14396887159533073
504760,0.23397435897435898
504761,0.11844484629294756
504762,0.09142857142857143
504763,0.07920792079207921
504764,0.22627737226277372
504765,0.0071174377224199285
504766,0.011098130841121495
504767,0.04798464491362764
504768,0.09142857142857143
504769,0.11844484629294756
504770,0.011098130841121495
504771,0.2662993572084481
504772,0.0071174377224199285
504773,0.09887640449438202
504774,0.09142857142857143
504775,0.0071174377224199285
504776,0.11844484629294756
504777,0.11844484629294756
504778,0.0028011204481792717
504779,0.011098130841121495
504780,0.1493670886075949
504781,0.023809523809523808
504782,0.7222222222222222
504783,0.09887640449438202
504784,0.0071174377224199285
504785,0.2662993572084481
504786,0.22627737226277372
504787,0.14396887159533073
504788,0.2662993572084481
504789,0.0325
504790,0.04081632653061224
504791,0.22627737226277372
504792,0.11844484629294756
504793,0.344139650872818
504794,0.04798464491362764
504795,0.2662993572084481
504796,0.09142857142857143
504797,0.03548153511947864
504798,0.2662993572084481
504799,0.1493670886075949
504800,0.023809523809523808
504801,0.07920792079207921
504802,0.09887640449438202
504803,0.0028011204481792717
504804,0.49212598425196863
504805,0.0071174377224199285
504806,0.04081632653061224
504807,0.09887640449438202
504808,0.0015151515151515152
504809,0.03548153511947864
504810,0.008130081300813009
504811,0.23397435897435898
504812,0.008130081300813009
504813,0.0325
504814,0.11844484629294756
504815,0.03548153511947864
504816,0.0071174377224199285
504817,0.11844484629294756
504818,0.04798464491362764
504819,0.04081632653061224
504820,0.344139650872818
504821,0.06825938566552901
504822,0.09887640449438202
504823,0.023809523809523808
504824,0.03548153511947864
504825,0.0071174377224199285
504826,0.7222222222222222
504827,0.04798464491362764
504828,0.11844484629294756
504829,0.09142857142857143
504830,0.04081632653061224
504831,0.008130081300813009
504832,0.011098130841121495
504833,0.18461538461538463
504834,0.008130081300813009
504835,0.0015151515151515152
504836,0.011098130841121495
504837,0.2662993572084481
504838,0.09887640449438202
504839,0.23397435897435898
504840,0.09887640449438202
504841,0.6582278481012658
504842,0.011098130841121495
504843,0.011098130841121495
504844,0.04081632653061224
504845,0.023809523809523808
504846,0.0071174377224199285
504847,0.1493670886075949
504848,0.09142857142857143
504849,0.03548153511947864
504850,0.03548153511947864
504851,0.03548153511947864
504852,0.011098130841121495
504853,0.0710172744721689
504854,0.1518987341772152
504855,0.14396887159533073
504856,0.0071174377224199285
504857,0.5757575757575758
504858,0.0071174377224199285
504859,0.15853658536585366
504860,0.03548153511947864
504861,0.04081632653061224
504862,0.11844484629294756
504863,0.2662993572084481
504864,0.0071174377224199285
504865,0.0028011204481792717
504866,0.14396887159533073
504867,0.09142857142857143
504868,0.11844484629294756
504869,0.0071174377224199285
504870,0.344139650872818
504871,0.43805309734513276
504872,0.0015151515151515152
504873,0.09887640449438202
504874,0.011098130841121495
504875,0.09887640449438202
504876,0.04081632653061224
504877,0.5946745562130178
504878,0.2662993572084481
504879,0.1518987341772152
504880,0.04798464491362764
504881,0.7222222222222222
504882,0.06825938566552901
504883,0.03548153511947864
504884,0.0325
504885,0.49212598425196863
504886,0.5946745562130178
504887,0.1493670886075949
504888,0.23397435897435898
504889,0.0071174377224199285
504890,0.0015151515151515152
504891,0.7222222222222222
504892,0.03548153511947864
504893,0.04798464491362764
504894,0.2662993572084481
504895,0.11844484629294756
504896,0.1493670886075949
504897,0.0325
504898,0.09887640449438202
504899,0.09142857142857143
504900,0.15853658536585366
504901,0.04798464491362764
504902,0.03548153511947864
504903,0.06825938566552901
504904,0.18421052631578946
504905,0.0325
504906,0.008130081300813009
504907,0.06825938566552901
504908,0.0325
504909,0.2662993572084481
504910,0.29411764705882354
504911,0.6582278481012658
504912,0.0821917808219178
504913,0.09142857142857143
504914,0.1493670886075949
504915,0.15853658536585366
504916,0.7222222222222222
504917,0.22627737226277372
504918,0.2662993572084481
504919,0.2662993572084481
504920,0.22627737226277372
504921,0.2662993572084481
504922,0.011098130841121495
504923,0.04798464491362764
504924,0.011098130841121495
504925,0.011098130841121495
504926,0.1493670886075949
504927,0.03296703296703297
504928,0.05263157894736842
504929,0.011098130841121495
504930,0.7222222222222222
504931,0.03548153511947864
504932,0.04798464491362764
504933,0.011098130841121495
504934,0.22627737226277372
504935,0.5946745562130178
504936,0.0071174377224199285
504937,0.344139650872818
504938,0.23397435897435898
504939,0.03296703296703297
504940,0.04081632653061224
504941,0.03548153511947864
504942,0.09887640449438202
504943,0.0028011204481792717
504944,0.03548153511947864
504945,0.03548153511947864
504946,0.2662993572084481
504947,0.008130081300813009
504948,0.18461538461538463
504949,0.43805309734513276
504950,0.04081632653061224
504951,0.008130081300813009
504952,0.5946745562130178
504953,0.011098130841121495
504954,0.011098130841121495
504955,0.22627737226277372
504956,0.11844484629294756
504957,0.11844484629294756
504958,0.04081632653061224
504959,0.04798464491362764
504960,0.2662993572084481
504961,0.8888888888888888
504962,0.03296703296703297
504963,0.04798464491362764
504964,0.09142857142857143
504965,0.09887640449438202
504966,0.02127659574468085
504967,0.5946745562130178
504968,0.0071174377224199285
504969,0.011098130841121495
504970,0.0071174377224199285
504971,0.15853658536585366
504972,0.04798464491362764
504973,0.3975409836065574
504974,0.06825938566552901
504975,0.011098130841121495
504976,0.04798464491362764
504977,0.04081632653061224
504978,0.09887640449438202
504979,0.011098130841121495
504980,0.09142857142857143
504981,0.2662993572084481
504982,0.0071174377224199285
504983,0.1493670886075949
504984,0.04081632653061224
504985,0.04798464491362764
504986,0.03296703296703297
504987,0.04798464491362764
504988,0.11844484629294756
504989,0.23397435897435898
504990,0.04081632653061224
504991,0.023809523809523808
504992,0.011098130841121495
504993,0.344139650872818
504994,0.1493670886075949
504995,0.5946745562130178
504996,0.1493670886075949
504997,0.14396887159533073
504998,0.3975409836065574
504999,0.011098130841121495
505000,0.18421052631578946
505001,0.2662993572084481
505002,0.011098130841121495
505003,0.06593406593406594
505004,0.6058823529411764
505005,0.0028011204481792717
505006,0.03548153511947864
505007,0.43805309734513276
505008,0.0325
505009,0.09142857142857143
505010,0.06310679611650485
505011,0.2662993572084481
505012,0.04798464491362764
505013,0.008130081300813009
505014,0.011098130841121495
505015,0.011098130841121495
505016,0.2662993572084481
505017,0.04081632653061224
505018,0.03548153511947864
505019,0.09887640449438202
505020,0.03548153511947864
505021,0.45614035087719296
505022,0.09142857142857143
505023,0.0071174377224199285
505024,0.0071174377224199285
505025,0.11844484629294756
505026,0.0071174377224199285
505027,0.6582278481012658
505028,0.04798464491362764
505029,0.011098130841121495
505030,0.1493670886075949
505031,0.8064516129032258
505032,0.03548153511947864
505033,0.344139650872818
505034,0.09887640449438202
505035,0.29411764705882354
505036,0.11844484629294756
505037,0.23397435897435898
505038,0.2662993572084481
505039,0.06825938566552901
505040,0.06825938566552901
505041,0.0710172744721689
505042,0.14396887159533073
505043,0.04081632653061224
505044,0.023809523809523808
505045,0.2662993572084481
505046,0.2662993572084481
505047,0.49212598425196863
505048,0.09142857142857143
505049,0.11844484629294756
505050,0.04798464491362764
505051,0.03548153511947864
505052,0.29411764705882354
505053,0.6582278481012658
505054,0.011098130841121495
505055,0.5757575757575758
505056,0.09142857142857143
505057,0.0821917808219178
505058,0.0015151515151515152
505059,0.011098130841121495
505060,0.22627737226277372
505061,0.06825938566552901
505062,0.011098130841121495
505063,0.011098130841121495
505064,0.0015151515151515152
505065,0.04798464491362764
505066,0.0325
505067,0.03548153511947864
505068,0.09142857142857143
505069,0.18461538461538463
505070,0.38461538461538464
505071,0.14396887159533073
505072,0.0019737874092267205
505073,0.0071174377224199285
505074,0.03296703296703297
505075,0.03548153511947864
505076,0.49212598425196863
505077,0.0710172744721689
505078,0.09887640449438202
505079,0.09142857142857143
505080,0.04798464491362764
505081,0.0071174377224199285
505082,0.011098130841121495
505083,0.49212598425196863
505084,0.04798464491362764
505085,0.011098130841121495
505086,0.011098130841121495
505087,0.0015151515151515152
505088,0.09887640449438202
505089,0.04798464491362764
505090,0.011098130841121495
505091,0.7222222222222222
505092,0.5946745562130178
505093,0.04081632653061224
505094,0.04798464491362764
505095,0.11844484629294756
505096,0.11844484629294756
505097,0.04798464491362764
505098,0.023809523809523808
505099,0.03548153511947864
505100,0.04798464491362764
505101,0.1493670886075949
505102,0.03548153511947864
505103,0.011098130841121495
505104,0.04798464491362764
505105,0.37572254335260113
505106,0.023809523809523808
505107,0.06825938566552901
505108,0.49212598425196863
505109,0.2662993572084481
505110,0.344139650872818
505111,0.0325
505112,0.1493670886075949
505113,0.17015822042647416
505114,0.5946745562130178
505115,0.0028011204481792717
505116,0.14396887159533073
505117,0.2662993572084481
505118,0.05263157894736842
505119,0.0710172744721689
505120,0.2662993572084481
505121,0.04798464491362764
505122,0.0071174377224199285
505123,0.344139650872818
505124,0.1493670886075949
505125,0.03548153511947864
505126,0.008130081300813009
505127,0.43805309734513276
505128,0.09142857142857143
505129,0.8064516129032258
505130,0.0325
505131,0.06310679611650485
505132,0.0071174377224199285
505133,0.38461538461538464
505134,0.6582278481012658
505135,0.04081632653061224
505136,0.5946745562130178
505137,0.04081632653061224
505138,0.0071174377224199285
505139,0.0325
505140,0.04798464491362764
505141,0.0071174377224199285
505142,0.0071174377224199285
505143,0.49212598425196863
505144,0.09887640449438202
505145,0.03296703296703297
505146,0.22627737226277372
505147,0.7222222222222222
505148,0.09142857142857143
505149,0.05263157894736842
505150,0.03548153511947864
505151,0.03296703296703297
505152,0.03548153511947864
505153,0.0028011204481792717
505154,0.011098130841121495
505155,0.011098130841121495
505156,0.1493670886075949
505157,0.1493670886075949
505158,0.22627737226277372
505159,0.03548153511947864
505160,0.023809523809523808
505161,0.0325
505162,0.04081632653061224
505163,0.011098130841121495
505164,0.04798464491362764
505165,0.03548153511947864
505166,0.06825938566552901
505167,0.04798464491362764
505168,0.0325
505169,0.06593406593406594
505170,0.0710172744721689
505171,0.011098130841121495
505172,0.06310679611650485
505173,0.09142857142857143
505174,0.1493670886075949
505175,0.5946745562130178
505176,0.13559322033898305
505177,0.023809523809523808
505178,0.2662993572084481
505179,0.023809523809523808
505180,0.011098130841121495
505181,0.09142857142857143
505182,0.09887640449438202
505183,0.0071174377224199285
505184,0.0325
505185,0.18461538461538463
505186,0.2662993572084481
505187,0.023809523809523808
505188,0.008130081300813009
505189,0.04798464491362764
505190,0.04798464491362764
505191,0.04798464491362764
505192,0.1518987341772152
505193,0.02127659574468085
505194,0.023809523809523808
505195,0.011098130841121495
505196,0.11844484629294756
505197,0.1493670886075949
505198,0.23397435897435898
505199,0.09887640449438202
505200,0.0325
505201,0.0325
505202,0.11844484629294756
505203,0.49212598425196863
505204,0.008130081300813009
505205,0.11844484629294756
505206,0.06334043635323504
505207,0.0071174377224199285
505208,0.11844484629294756
505209,0.0071174377224199285
505210,0.0071174377224199285
505211,0.02127659574468085
505212,0.023809523809523808
505213,0.0071174377224199285
505214,0.6058823529411764
505215,0.2662993572084481
505216,0.0071174377224199285
505217,0.03548153511947864
505218,0.09142857142857143
505219,0.0710172744721689
505220,0.011098130841121495
505221,0.344139650872818
505222,0.1493670886075949
505223,0.0071174377224199285
505224,0.008130081300813009
505225,0.37572254335260113
505226,0.09887640449438202
505227,0.23397435897435898
505228,0.04798464491362764
505229,0.1493670886075949
505230,0.03296703296703297
505231,0.0071174377224199285
505232,0.008130081300813009
505233,0.0015151515151515152
505234,0.1493670886075949
505235,0.09887640449438202
505236,0.06310679611650485
505237,0.37572254335260113
505238,0.09142857142857143
505239,0.04798464491362764
505240,0.0071174377224199285
505241,0.1493670886075949
505242,0.05263157894736842
505243,0.09142857142857143
505244,0.04798464491362764
505245,0.1493670886075949
505246,0.09142857142857143
505247,0.011098130841121495
505248,0.7222222222222222
505249,0.5757575757575758
505250,0.1493670886075949
505251,0.14396887159533073
505252,0.0710172744721689
505253,0.11844484629294756
505254,0.023809523809523808
505255,0.09142857142857143
505256,0.0821917808219178
505257,0.1493670886075949
505258,0.13559322033898305
505259,0.0071174377224199285
505260,0.43805309734513276
505261,0.02127659574468085
505262,0.0015151515151515152
505263,0.1493670886075949
505264,0.04798464491362764
505265,0.2662993572084481
505266,0.23397435897435898
505267,0.5757575757575758
505268,0.0071174377224199285
505269,0.344139650872818
505270,0.008130081300813009
505271,0.008130081300813009
505272,0.023809523809523808
505273,0.0325
505274,0.11844484629294756
505275,0.09142857142857143
505276,0.05263157894736842
505277,0.7222222222222222
505278,0.04798464491362764
505279,0.04798464491362764
505280,0.344139650872818
505281,0.04798464491362764
505282,0.1493670886075949
505283,0.04798464491362764
505284,0.04798464491362764
505285,0.011098130841121495
505286,0.03548153511947864
505287,0.18461538461538463
505288,0.011098130841121495
505289,0.0325
505290,0.09142857142857143
505291,0.06593406593406594
505292,0.11844484629294756
505293,0.03548153511947864
505294,0.09142857142857143
505295,0.023809523809523808
505296,0.344139650872818
505297,0.011098130841121495
505298,0.008130081300813009
505299,0.04798464491362764
505300,0.0325
505301,0.1493670886075949
505302,0.3975409836065574
505303,0.04081632653061224
505304,0.15853658536585366
505305,0.04798464491362764
505306,0.5946745562130178
505307,0.14396887159533073
505308,0.15853658536585366
505309,0.0071174377224199285
505310,0.18421052631578946
505311,0.03548153511947864
505312,0.344139650872818
505313,0.03548153511947864
505314,0.43805309734513276
505315,0.0325
505316,0.023809523809523808
505317,0.04081632653061224
505318,0.0028011204481792717
505319,0.09142857142857143
505320,0.49212598425196863
505321,0.11844484629294756
505322,0.344139650872818
505323,0.03548153511947864
505324,0.0015151515151515152
505325,0.1493670886075949
505326,0.04798464491362764
505327,0.18421052631578946
505328,0.09887640449438202
505329,0.0028011204481792717
505330,0.09142857142857143
505331,0.008130081300813009
505332,0.04798464491362764
505333,0.49212598425196863
505334,0.0015151515151515152
505335,0.04081632653061224
505336,0.0071174377224199285
505337,0.344139650872818
505338,0.14396887159533073
505339,0.6058823529411764
505340,0.15853658536585366
505341,0.011098130841121495
505342,0.6582278481012658
505343,0.5946745562130178
505344,0.011098130841121495
505345,0.1493670886075949
505346,0.0015151515151515152
505347,0.22627737226277372
505348,0.18421052631578946
505349,0.023809523809523808
505350,0.023809523809523808
505351,0.23397435897435898
505352,0.008130081300813009
505353,0.04798464491362764
505354,0.15853658536585366
505355,0.23397435897435898
505356,0.2662993572084481
505357,0.1493670886075949
505358,0.0325
505359,0.06825938566552901
505360,0.5320673228243197
505361,0.0325
505362,0.06310679611650485
505363,0.11844484629294756
505364,0.2662993572084481
505365,0.8064516129032258
505366,0.023809523809523808
505367,0.6058823529411764
505368,0.15853658536585366
505369,0.011098130841121495
505370,0.18421052631578946
505371,0.09142857142857143
505372,0.0325
505373,0.09142857142857143
505374,0.0325
505375,0.04798464491362764
505376,0.008130081300813009
505377,0.04798464491362764
505378,0.008130081300813009
505379,0.0015151515151515152
505380,0.011098130841121495
505381,0.008130081300813009
505382,0.2662993572084481
505383,0.43805309734513276
505384,0.18461538461538463
505385,0.1493670886075949
505386,0.14396887159533073
505387,0.11844484629294756
505388,0.2662993572084481
505389,0.0325
505390,0.37572254335260113
505391,0.04798464491362764
505392,0.008130081300813009
505393,0.7222222222222222
505394,0.04798464491362764
505395,0.04798464491362764
505396,0.0325
505397,0.11844484629294756
505398,0.0710172744721689
505399,0.09887640449438202
505400,0.09887640449438202
505401,0.11844484629294756
505402,0.5946745562130178
505403,0.0028011204481792717
505404,0.2662993572084481
505405,0.008130081300813009
505406,0.0015151515151515152
505407,0.3975409836065574
505408,0.11844484629294756
505409,0.13559322033898305
505410,0.0071174377224199285
505411,0.14396887159533073
505412,0.011098130841121495
505413,0.011098130841121495
505414,0.05263157894736842
505415,0.008130081300813009
505416,0.14396887159533073
505417,0.023809523809523808
505418,0.11844484629294756
505419,0.03296703296703297
505420,0.06825938566552901
505421,0.49212598425196863
505422,0.3103448275862069
505423,0.023809523809523808
505424,0.7222222222222222
505425,0.38461538461538464
505426,0.6582278481012658
505427,0.49861177112582517
505428,0.6582278481012658
505429,0.04081632653061224
505430,0.6058823529411764
505431,0.011098130841121495
505432,0.011098130841121495
505433,0.23397435897435898
505434,0.06310679611650485
505435,0.3975409836065574
505436,0.49212598425196863
505437,0.11844484629294756
505438,0.1493670886075949
505439,0.09887640449438202
505440,0.011098130841121495
505441,0.22627737226277372
505442,0.09142857142857143
505443,0.04798464491362764
505444,0.09887640449438202
505445,0.06825938566552901
505446,0.43795061549042363
505447,0.0325
505448,0.18461538461538463
505449,0.29411764705882354
505450,0.04798464491362764
505451,0.04798464491362764
505452,0.49212598425196863
505453,0.0071174377224199285
505454,0.0015151515151515152
505455,0.04081632653061224
505456,0.43805309734513276
505457,0.023809523809523808
505458,0.04798464491362764
505459,0.04798464491362764
505460,0.2662993572084481
505461,0.023809523809523808
505462,0.0710172744721689
505463,0.06310679611650485
505464,0.09142857142857143
505465,0.2662993572084481
505466,0.18461538461538463
505467,0.14396887159533073
505468,0.0015151515151515152
505469,0.0015151515151515152
505470,0.011098130841121495
505471,0.15853658536585366
505472,0.09142857142857143
505473,0.09142857142857143
505474,0.06825938566552901
505475,0.03548153511947864
505476,0.0028011204481792717
505477,0.03296703296703297
505478,0.43805309734513276
505479,0.011098130841121495
505480,0.04798464491362764
505481,0.09887640449438202
505482,0.008130081300813009
505483,0.023809523809523808
505484,0.011098130841121495
505485,0.04081632653061224
505486,0.06825938566552901
505487,0.0028011204481792717
505488,0.14396887159533073
505489,0.0015151515151515152
505490,0.37572254335260113
505491,0.023809523809523808
505492,0.06310679611650485
505493,0.1493670886075949
505494,0.344139650872818
505495,0.1493670886075949
505496,0.03548153511947864
505497,0.5946745562130178
505498,0.06593406593406594
505499,0.008130081300813009
505500,0.0015151515151515152
505501,0.0325
505502,0.6582278481012658
505503,0.008130081300813009
505504,0.008130081300813009
505505,0.13559322033898305
505506,0.05263157894736842
505507,0.29411764705882354
505508,0.04798464491362764
505509,0.1493670886075949
505510,0.04798464491362764
505511,0.09142857142857143
505512,0.023809523809523808
505513,0.0015151515151515152
505514,0.0015151515151515152
505515,0.43805309734513276
505516,0.04081632653061224
505517,0.05263157894736842
505518,0.3975409836065574
505519,0.2662993572084481
505520,0.11844484629294756
505521,0.23397435897435898
505522,0.011098130841121495
505523,0.09142857142857143
505524,0.04798464491362764
505525,0.3975409836065574
505526,0.0071174377224199285
505527,0.5946745562130178
505528,0.0071174377224199285
505529,0.0710172744721689
505530,0.03548153511947864
505531,0.2662993572084481
505532,0.04081632653061224
505533,0.0071174377224199285
505534,0.0710172744721689
505535,0.04798464491362764
505536,0.0015151515151515152
505537,0.1518987341772152
505538,0.2662993572084481
505539,0.22627737226277372
505540,0.04081632653061224
505541,0.04798464491362764
505542,0.04798464491362764
505543,0.1493670886075949
505544,0.07920792079207921
505545,0.011098130841121495
505546,0.04798464491362764
505547,0.011098130841121495
505548,0.04798464491362764
505549,0.0071174377224199285
505550,0.5946745562130178
505551,0.06825938566552901
505552,0.1493670886075949
505553,0.43805309734513276
505554,0.011098130841121495
505555,0.11844484629294756
505556,0.0015151515151515152
505557,0.1493670886075949
505558,0.09142857142857143
505559,0.344139650872818
505560,0.008130081300813009
505561,0.03548153511947864
505562,0.09887640449438202
505563,0.0071174377224199285
505564,0.0071174377224199285
505565,0.5946745562130178
505566,0.5946745562130178
505567,0.0015151515151515152
505568,0.43805309734513276
505569,0.6058823529411764
505570,0.023809523809523808
505571,0.0071174377224199285
505572,0.11844484629294756
505573,0.2662993572084481
505574,0.05263157894736842
505575,0.03548153511947864
505576,0.09142857142857143
505577,0.1493670886075949
505578,0.09887640449438202
505579,0.6058823529411764
505580,0.06310679611650485
505581,0.0710172744721689
505582,0.04081632653061224
505583,0.1493670886075949
505584,0.06310679611650485
505585,0.0325
505586,0.04798464491362764
505587,0.5757575757575758
505588,0.023809523809523808
505589,0.008130081300813009
505590,0.01056401409369304
505591,0.2662993572084481
505592,0.0325
505593,0.29411764705882354
505594,0.37572254335260113
505595,0.0071174377224199285
505596,0.18461538461538463
505597,0.09142857142857143
505598,0.06593406593406594
505599,0.15853658536585366
505600,0.37572254335260113
505601,0.023809523809523808
505602,0.2662993572084481
505603,0.09142857142857143
505604,0.6058823529411764
505605,0.05263157894736842
505606,0.09142857142857143
505607,0.0028011204481792717
505608,0.09887640449438202
505609,0.09142857142857143
505610,0.023809523809523808
505611,0.04081632653061224
505612,0.0028011204481792717
505613,0.1493670886075949
505614,0.1493670886075949
505615,0.5946745562130178
505616,0.15853658536585366
505617,0.03548153511947864
505618,0.11844484629294756
505619,0.09142857142857143
505620,0.23397435897435898
505621,0.49212598425196863
505622,0.011098130841121495
505623,0.0071174377224199285
505624,0.14396887159533073
505625,0.011098130841121495
505626,0.0015151515151515152
505627,0.04798464491362764
505628,0.04081632653061224
505629,0.0071174377224199285
505630,0.008130081300813009
505631,0.04798464491362764
505632,0.06825938566552901
505633,0.06825938566552901
505634,0.05263157894736842
505635,0.11844484629294756
505636,0.03548153511947864
505637,0.09142857142857143
505638,0.09142857142857143
505639,0.09887640449438202
505640,0.04081632653061224
505641,0.04798464491362764
505642,0.09887640449438202
505643,0.04798464491362764
505644,0.14396887159533073
505645,0.3975409836065574
505646,0.0015151515151515152
505647,0.09142857142857143
505648,0.0071174377224199285
505649,0.06310679611650485
505650,0.0071174377224199285
505651,0.008130081300813009
505652,0.2662993572084481
505653,0.2662993572084481
505654,0.11844484629294756
505655,0.011098130841121495
505656,0.0710172744721689
505657,0.04798464491362764
505658,0.008130081300813009
505659,0.09142857142857143
505660,0.03296703296703297
505661,0.0015151515151515152
505662,0.1493670886075949
505663,0.2662993572084481
505664,0.03548153511947864
505665,0.1493670886075949
505666,0.023809523809523808
505667,0.0015151515151515152
505668,0.0015151515151515152
505669,0.0325
505670,0.2662993572084481
505671,0.23397435897435898
505672,0.0325
505673,0.3975409836065574
505674,0.23397435897435898
505675,0.11844484629294756
505676,0.0071174377224199285
505677,0.0071174377224199285
505678,0.1518987341772152
505679,0.008130081300813009
505680,0.5946745562130178
505681,0.04081632653061224
505682,0.09142857142857143
505683,0.03548153511947864
505684,0.03548153511947864
505685,0.008130081300813009
505686,0.011098130841121495
505687,0.09887640449438202
505688,0.05263157894736842
505689,0.0071174377224199285
505690,0.0071174377224199285
505691,0.03296703296703297
505692,0.011098130841121495
505693,0.6582278481012658
505694,0.11844484629294756
505695,0.06310679611650485
505696,0.09887640449438202
505697,0.43805309734513276
505698,0.011098130841121495
505699,0.13559322033898305
505700,0.49212598425196863
505701,0.2662993572084481
505702,0.09887640449438202
505703,0.09887640449438202
505704,0.0071174377224199285
505705,0.1493670886075949
505706,0.14396887159533073
505707,0.43805309734513276
505708,0.43805309734513276
505709,0.3975409836065574
505710,0.37572254335260113
505711,0.0028011204481792717
505712,0.011098130841121495
505713,0.04081632653061224
505714,0.03548153511947864
505715,0.09887640449438202
505716,0.03548153511947864
505717,0.0015151515151515152
505718,0.03548153511947864
505719,0.14396887159533073
505720,0.2662993572084481
505721,0.011098130841121495
505722,0.1493670886075949
505723,0.07920792079207921
505724,0.04798464491362764
505725,0.14396887159533073
505726,0.0028011204481792717
505727,0.256
505728,0.07920792079207921
505729,0.04081632653061224
505730,0.0710172744721689
505731,0.03548153511947864
505732,0.0028011204481792717
505733,0.0071174377224199285
505734,0.18421052631578946
505735,0.0015151515151515152
505736,0.03548153511947864
505737,0.1111111111111111
505738,0.0710172744721689
505739,0.04798464491362764
505740,0.0325
505741,0.5757575757575758
505742,0.14396887159533073
505743,0.6058823529411764
505744,0.011098130841121495
505745,0.5946745562130178
505746,0.011098130841121495
505747,0.04798464491362764
505748,0.1493670886075949
505749,0.011098130841121495
505750,0.03548153511947864
505751,0.03296703296703297
505752,0.11844484629294756
505753,0.011098130841121495
505754,0.03548153511947864
505755,0.008130081300813009
505756,0.11844484629294756
505757,0.3975409836065574
505758,0.011098130841121495
505759,0.023809523809523808
505760,0.0710172744721689
505761,0.2662993572084481
505762,0.0071174377224199285
505763,0.1493670886075949
505764,0.0325
505765,0.1493670886075949
505766,0.0071174377224199285
505767,0.1518987341772152
505768,0.43805309734513276
505769,0.7222222222222222
505770,0.04798464491362764
505771,0.0325
505772,0.2662993572084481
505773,0.7222222222222222
505774,0.011098130841121495
505775,0.22627737226277372
505776,0.1493670886075949
505777,0.011098130841121495
505778,0.04798464491362764
505779,0.2662993572084481
505780,0.1493670886075949
505781,0.09142857142857143
505782,0.023809523809523808
505783,0.37572254335260113
505784,0.02127659574468085
505785,0.06593406593406594
505786,0.1518987341772152
505787,0.11844484629294756
505788,0.04798464491362764
505789,0.6582278481012658
505790,0.256
505791,0.49212598425196863
505792,0.29411764705882354
505793,0.2662993572084481
505794,0.0015151515151515152
505795,0.0710172744721689
505796,0.023809523809523808
505797,0.008130081300813009
505798,0.03548153511947864
505799,0.008130081300813009
505800,0.14396887159533073
505801,0.023809523809523808
505802,0.04798464491362764
505803,0.22627737226277372
505804,0.09887640449438202
505805,0.03548153511947864
505806,0.02127659574468085
505807,0.344139650872818
505808,0.0071174377224199285
505809,0.6582278481012658
505810,0.2662993572084481
505811,0.11844484629294756
505812,0.06825938566552901
505813,0.09142857142857143
505814,0.11844484629294756
505815,0.11844484629294756
505816,0.011098130841121495
505817,0.09142857142857143
505818,0.03548153511947864
505819,0.02127659574468085
505820,0.14396887159533073
505821,0.023809523809523808
505822,0.023809523809523808
505823,0.7222222222222222
505824,0.04798464491362764
505825,0.04798464491362764
505826,0.023809523809523808
505827,0.14396887159533073
505828,0.0325
505829,0.6058823529411764
505830,0.22627737226277372
505831,0.011098130841121495
505832,0.0710172744721689
505833,0.0710172744721689
505834,0.008130081300813009
505835,0.03548153511947864
505836,0.14396887159533073
505837,0.0710172744721689
505838,0.008130081300813009
505839,0.04081632653061224
505840,0.06825938566552901
505841,0.22627737226277372
505842,0.04798464491362764
505843,0.11844484629294756
505844,0.03296703296703297
505845,0.11844484629294756
505846,0.09142857142857143
505847,0.023809523809523808
505848,0.6058823529411764
505849,0.0710172744721689
505850,0.09887640449438202
505851,0.1493670886075949
505852,0.14396887159533073
505853,0.03548153511947864
505854,0.011098130841121495
505855,0.11844484629294756
505856,0.0071174377224199285
505857,0.09142857142857143
505858,0.3103448275862069
505859,0.1493670886075949
505860,0.011098130841121495
505861,0.1493670886075949
505862,0.2662993572084481
505863,0.0071174377224199285
505864,0.0071174377224199285
505865,0.0071174377224199285
505866,0.344139650872818
505867,0.43805309734513276
505868,0.03548153511947864
505869,0.0710172744721689
505870,0.0071174377224199285
505871,0.06825938566552901
505872,0.6582278481012658
505873,0.011098130841121495
505874,0.0015151515151515152
505875,0.0028011204481792717
505876,0.04798464491362764
505877,0.11844484629294756
505878,0.23397435897435898
505879,0.09142857142857143
505880,0.011098130841121495
505881,0.04798464491362764
505882,0.07920792079207921
505883,0.11844484629294756
505884,0.3975409836065574
505885,0.09142857142857143
505886,0.011098130841121495
505887,0.23397435897435898
505888,0.14396887159533073
505889,0.344139650872818
505890,0.04798464491362764
505891,0.7222222222222222
505892,0.09887640449438202
505893,0.1493670886075949
505894,0.0028011204481792717
505895,0.1493670886075949
505896,0.09142857142857143
505897,0.011098130841121495
505898,0.04081632653061224
505899,0.43805309734513276
505900,0.0071174377224199285
505901,0.2662993572084481
505902,0.14396887159533073
505903,0.1493670886075949
505904,0.14396887159533073
505905,0.11844484629294756
505906,0.023809523809523808
505907,0.2662993572084481
505908,0.2662993572084481
505909,0.256
505910,0.03548153511947864
505911,0.1493670886075949
505912,0.49212598425196863
505913,0.0015151515151515152
505914,0.03548153511947864
505915,0.0071174377224199285
505916,0.011098130841121495
505917,0.04798464491362764
505918,0.15853658536585366
505919,0.0028011204481792717
505920,0.09142857142857143
505921,0.011098130841121495
505922,0.0325
505923,0.5946745562130178
505924,0.04081632653061224
505925,0.011098130841121495
505926,0.03548153511947864
505927,0.0325
505928,0.344139650872818
505929,0.008130081300813009
505930,0.023809523809523808
505931,0.03548153511947864
505932,0.0071174377224199285
505933,0.09887640449438202
505934,0.43805309734513276
505935,0.5946745562130178
505936,0.256
505937,0.2662993572084481
505938,0.008130081300813009
505939,0.0015151515151515152
505940,0.011098130841121495
505941,0.008130081300813009
505942,0.1493670886075949
505943,0.5946745562130178
505944,0.0071174377224199285
505945,0.04798464491362764
505946,0.0071174377224199285
505947,0.14396887159533073
505948,0.04798464491362764
505949,0.5946745562130178
505950,0.43805309734513276
505951,0.0028011204481792717
505952,0.011098130841121495
505953,0.023809523809523808
505954,0.3975409836065574
505955,0.0071174377224199285
505956,0.45614035087719296
505957,0.0325
505958,0.09887640449438202
505959,0.011098130841121495
505960,0.0071174377224199285
505961,0.2662993572084481
505962,0.0325
505963,0.8064516129032258
505964,0.04798464491362764
505965,0.011098130841121495
505966,0.29411764705882354
505967,0.0325
505968,0.2662993572084481
505969,0.011098130841121495
505970,0.06825938566552901
505971,0.04798464491362764
505972,0.09142857142857143
505973,0.09142857142857143
505974,0.11844484629294756
505975,0.04798464491362764
505976,0.011098130841121495
505977,0.09142857142857143
505978,0.1493670886075949
505979,0.2662993572084481
505980,0.43805309734513276
505981,0.09142857142857143
505982,0.0015151515151515152
505983,0.0015151515151515152
505984,0.15853658536585366
505985,0.0071174377224199285
505986,0.011098130841121495
505987,0.04798464491362764
505988,0.06825938566552901
505989,0.008130081300813009
505990,0.0071174377224199285
505991,0.14396887159533073
505992,0.03548153511947864
505993,0.11844484629294756
505994,0.7222222222222222
505995,0.0028011204481792717
505996,0.1493670886075949
505997,0.2662993572084481
505998,0.11844484629294756
505999,0.04081632653061224
506000,0.04798464491362764
506001,0.14396887159533073
506002,0.0071174377224199285
506003,0.03548153511947864
506004,0.5946745562130178
506005,0.0071174377224199285
506006,0.43805309734513276
506007,0.03548153511947864
506008,0.0325
506009,0.09142857142857143
506010,0.0071174377224199285
506011,0.2662993572084481
506012,0.0028011204481792717
506013,0.09887640449438202
506014,0.344139650872818
506015,0.0710172744721689
506016,0.011098130841121495
506017,0.06825938566552901
506018,0.8064516129032258
506019,0.0071174377224199285
506020,0.03548153511947864
506021,0.11844484629294756
506022,0.0015151515151515152
506023,0.11844484629294756
506024,0.2662993572084481
506025,0.09142857142857143
506026,0.43805309734513276
506027,0.04798464491362764
506028,0.14396887159533073
506029,0.04798464491362764
506030,0.09142857142857143
506031,0.11844484629294756
506032,0.256
506033,0.11844484629294756
506034,0.09887640449438202
506035,0.06593406593406594
506036,0.06593406593406594
506037,0.3975409836065574
506038,0.45614035087719296
506039,0.1493670886075949
506040,0.04798464491362764
506041,0.0071174377224199285
506042,0.2662993572084481
506043,0.0028011204481792717
506044,0.1518987341772152
506045,0.1493670886075949
506046,0.03548153511947864
506047,0.11844484629294756
506048,0.03296703296703297
506049,0.011098130841121495
506050,0.06310679611650485
506051,0.1493670886075949
506052,0.03296703296703297
506053,0.03548153511947864
506054,0.008130081300813009
506055,0.1493670886075949
506056,0.22627737226277372
506057,0.0710172744721689
506058,0.011098130841121495
506059,0.0325
506060,0.0071174377224199285
506061,0.5946745562130178
506062,0.11844484629294756
506063,0.0071174377224199285
506064,0.11844484629294756
506065,0.37572254335260113
506066,0.11844484629294756
506067,0.011098130841121495
506068,0.04798464491362764
506069,0.008130081300813009
506070,0.06825938566552901
506071,0.09887640449438202
506072,0.43805309734513276
506073,0.09142857142857143
506074,0.04798464491362764
506075,0.09142857142857143
506076,0.09142857142857143
506077,0.09887640449438202
506078,0.0071174377224199285
506079,0.3975409836065574
506080,0.09887640449438202
506081,0.11844484629294756
506082,0.0071174377224199285
506083,0.11844484629294756
506084,0.0015151515151515152
506085,0.38461538461538464
506086,0.04798464491362764
506087,0.23397435897435898
506088,0.023809523809523808
506089,0.07920792079207921
506090,0.2662993572084481
506091,0.1493670886075949
506092,0.011098130841121495
506093,0.5946745562130178
506094,0.011098130841121495
506095,0.09142857142857143
506096,0.0325
506097,0.22627737226277372
506098,0.15853658536585366
506099,0.7222222222222222
506100,0.09142857142857143
506101,0.11844484629294756
506102,0.0071174377224199285
506103,0.49212598425196863
506104,0.3975409836065574
506105,0.0325
506106,0.04081632653061224
506107,0.7222222222222222
506108,0.011098130841121495
506109,0.0071174377224199285
506110,0.0325
506111,0.2662993572084481
506112,0.03548153511947864
506113,0.09887640449438202
506114,0.1493670886075949
506115,0.0015151515151515152
506116,0.0656996655490647
506117,0.11844484629294756
506118,0.2662993572084481
506119,0.05263157894736842
506120,0.03548153511947864
506121,0.344139650872818
506122,0.1493670886075949
506123,0.2662993572084481
506124,0.06310679611650485
506125,0.13559322033898305
506126,0.04798464491362764
506127,0.04798464491362764
506128,0.04081632653061224
506129,0.23397435897435898
506130,0.011098130841121495
506131,0.04798464491362764
506132,0.011098130841121495
506133,0.04798464491362764
506134,0.0071174377224199285
506135,0.008130081300813009
506136,0.1111111111111111
506137,0.09887640449438202
506138,0.11844484629294756
506139,0.15853658536585366
506140,0.0325
506141,0.1493670886075949
506142,0.011098130841121495
506143,0.45614035087719296
506144,0.06825938566552901
506145,0.14396887159533073
506146,0.43805309734513276
506147,0.09887640449438202
506148,0.18421052631578946
506149,0.06310679611650485
506150,0.11844484629294756
506151,0.008130081300813009
506152,0.011098130841121495
506153,0.3975409836065574
506154,0.11844484629294756
506155,0.0325
506156,0.09142857142857143
506157,0.011098130841121495
506158,0.49212598425196863
506159,0.04081632653061224
506160,0.23397435897435898
506161,0.1493670886075949
506162,0.008130081300813009
506163,0.0015151515151515152
506164,0.0710172744721689
506165,0.14396887159533073
506166,0.06593406593406594
506167,0.011098130841121495
506168,0.0325
506169,0.07920792079207921
506170,0.03548153511947864
506171,0.0325
506172,0.03296703296703297
506173,0.04798464491362764
506174,0.1493670886075949
506175,0.04081632653061224
506176,0.03548153511947864
506177,0.2662993572084481
506178,0.008130081300813009
506179,0.008130081300813009
506180,0.0325
506181,0.6582278481012658
506182,0.344139650872818
506183,0.011098130841121495
506184,0.11844484629294756
506185,0.04798464491362764
506186,0.09142857142857143
506187,0.0015151515151515152
506188,0.23397435897435898
506189,0.11844484629294756
506190,0.0071174377224199285
506191,0.0710172744721689
506192,0.09887640449438202
506193,0.09142857142857143
506194,0.15853658536585366
506195,0.14396887159533073
506196,0.37572254335260113
506197,0.11844484629294756
506198,0.0325
506199,0.23397435897435898
506200,0.23397435897435898
506201,0.0071174377224199285
506202,0.008130081300813009
506203,0.03296703296703297
506204,0.09887640449438202
506205,0.011098130841121495
506206,0.09142857142857143
506207,0.03548153511947864
506208,0.0325
506209,0.2662993572084481
506210,0.03548153511947864
506211,0.023809523809523808
506212,0.0071174377224199285
506213,0.5757575757575758
506214,0.011098130841121495
506215,0.49212598425196863
506216,0.04081632653061224
506217,0.011098130841121495
506218,0.011098130841121495
506219,0.09887640449438202
506220,0.03548153511947864
506221,0.0071174377224199285
506222,0.09887640449438202
506223,0.04798464491362764
506224,0.09142857142857143
506225,0.04081632653061224
506226,0.0821917808219178
506227,0.0325
506228,0.344139650872818
506229,0.023809523809523808
506230,0.29411764705882354
506231,0.29411764705882354
506232,0.04798464491362764
506233,0.1493670886075949
506234,0.344139650872818
506235,0.008130081300813009
506236,0.11844484629294756
506237,0.7222222222222222
506238,0.09887640449438202
506239,0.23397435897435898
506240,0.0710172744721689
506241,0.344139650872818
506242,0.2662993572084481
506243,0.3975409836065574
506244,0.15536773622551406
506245,0.15816776971773192
506246,0.09142857142857143
506247,0.04798464491362764
506248,0.344139650872818
506249,0.14396887159533073
506250,0.0071174377224199285
506251,0.008130081300813009
506252,0.0325
506253,0.6058823529411764
506254,0.0325
506255,0.06593406593406594
506256,0.18421052631578946
506257,0.09142857142857143
506258,0.04081632653061224
506259,0.04798464491362764
506260,0.6582278481012658
506261,0.011098130841121495
506262,0.06593406593406594
506263,0.04798464491362764
506264,0.0325
506265,0.11844484629294756
506266,0.04798464491362764
506267,0.49212598425196863
506268,0.15853658536585366
506269,0.344139650872818
506270,0.0071174377224199285
506271,0.09887640449438202
506272,0.0325
506273,0.0325
506274,0.04798464491362764
506275,0.008130081300813009
506276,0.11844484629294756
506277,0.11844484629294756
506278,0.0071174377224199285
506279,0.03296703296703297
506280,0.3975409836065574
506281,0.13559322033898305
506282,0.0071174377224199285
506283,0.09887640449438202
506284,0.3975409836065574
506285,0.03548153511947864
506286,0.011098130841121495
506287,0.011098130841121495
506288,0.11844484629294756
506289,0.1493670886075949
506290,0.011098130841121495
506291,0.29411764705882354
506292,0.09142857142857143
506293,0.09887640449438202
506294,0.03548153511947864
506295,0.45614035087719296
506296,0.0071174377224199285
506297,0.0028011204481792717
506298,0.008130081300813009
506299,0.11844484629294756
506300,0.3975409836065574
506301,0.0028011204481792717
506302,0.0071174377224199285
506303,0.0071174377224199285
506304,0.0071174377224199285
506305,0.011098130841121495
506306,0.03548153511947864
506307,0.1493670886075949
506308,0.011098130841121495
506309,0.344139650872818
506310,0.18461538461538463
506311,0.008130081300813009
506312,0.18421052631578946
506313,0.04798464491362764
506314,0.04798464491362764
506315,0.11844484629294756
506316,0.09142857142857143
506317,0.0710172744721689
506318,0.14396887159533073
506319,0.09887640449438202
506320,0.03548153511947864
506321,0.008130081300813009
506322,0.0071174377224199285
506323,0.011098130841121495
506324,0.0710172744721689
506325,0.06825938566552901
506326,0.011098130841121495
506327,0.008130081300813009
506328,0.023809523809523808
506329,0.04798464491362764
506330,0.14396887159533073
506331,0.5946745562130178
506332,0.0071174377224199285
506333,0.0325
506334,0.29411764705882354
506335,0.09142857142857143
506336,0.7222222222222222
506337,0.011098130841121495
506338,0.11844484629294756
506339,0.11844484629294756
506340,0.344139650872818
506341,0.04798464491362764
506342,0.04798464491362764
506343,0.43805309734513276
506344,0.09142857142857143
506345,0.0015151515151515152
506346,0.04798464491362764
506347,0.0071174377224199285
506348,0.011098130841121495
506349,0.1493670886075949
506350,0.37572254335260113
506351,0.03548153511947864
506352,0.0710172744721689
506353,0.04798464491362764
506354,0.0710172744721689
506355,0.011098130841121495
506356,0.03548153511947864
506357,0.1493670886075949
506358,0.011098130841121495
506359,0.05263157894736842
506360,0.49212598425196863
506361,0.09887640449438202
506362,0.09142857142857143
506363,0.15853658536585366
506364,0.45614035087719296
506365,0.0071174377224199285
506366,0.0325
506367,0.011098130841121495
506368,0.0071174377224199285
506369,0.023809523809523808
506370,0.008130081300813009
506371,0.5946745562130178
506372,0.03548153511947864
506373,0.2662993572084481
506374,0.0071174377224199285
506375,0.008130081300813009
506376,0.1493670886075949
506377,0.43805309734513276
506378,0.03548153511947864
506379,0.09142857142857143
506380,0.45614035087719296
506381,0.09142857142857143
506382,0.3975409836065574
506383,0.11844484629294756
506384,0.22627737226277372
506385,0.0028011204481792717
506386,0.011098130841121495
506387,0.8888888888888888
506388,0.18421052631578946
506389,0.0071174377224199285
506390,0.0071174377224199285
506391,0.011098130841121495
506392,0.03296703296703297
506393,0.0071174377224199285
506394,0.011098130841121495
506395,0.11844484629294756
506396,0.0071174377224199285
506397,0.023809523809523808
506398,0.0071174377224199285
506399,0.09142857142857143
506400,0.0071174377224199285
506401,0.0325
506402,0.09142857142857143
506403,0.06825938566552901
506404,0.011098130841121495
506405,0.03548153511947864
506406,0.14396887159533073
506407,0.23397435897435898
506408,0.256
506409,0.0015151515151515152
506410,0.0015151515151515152
506411,0.04081632653061224
506412,0.008130081300813009
506413,0.45614035087719296
506414,0.03548153511947864
506415,0.11844484629294756
506416,0.011098130841121495
506417,0.09887640449438202
506418,0.0071174377224199285
506419,0.09887640449438202
506420,0.06825938566552901
506421,0.0071174377224199285
506422,0.04798464491362764
506423,0.07920792079207921
506424,0.04798464491362764
506425,0.03548153511947864
506426,0.14396887159533073
506427,0.04798464491362764
506428,0.011098130841121495
506429,0.02127659574468085
506430,0.008130081300813009
506431,0.09887640449438202
506432,0.1493670886075949
506433,0.011098130841121495
506434,0.11844484629294756
506435,0.09887640449438202
506436,0.0325
506437,0.03548153511947864
506438,0.3975409836065574
506439,0.0071174377224199285
506440,0.0071174377224199285
506441,0.0015151515151515152
506442,0.6058823529411764
506443,0.2662993572084481
506444,0.03548153511947864
506445,0.22627737226277372
506446,0.0071174377224199285
506447,0.11844484629294756
506448,0.023809523809523808
506449,0.03548153511947864
506450,0.03548153511947864
506451,0.008130081300813009
506452,0.011098130841121495
506453,0.023809523809523808
506454,0.06825938566552901
506455,0.04798464491362764
506456,0.1493670886075949
506457,0.13559322033898305
506458,0.04798464491362764
506459,0.03548153511947864
506460,0.03548153511947864
506461,0.04798464491362764
506462,0.23397435897435898
506463,0.05263157894736842
506464,0.03548153511947864
506465,0.06310679611650485
506466,0.0071174377224199285
506467,0.6582278481012658
506468,0.14396887159533073
506469,0.09142857142857143
506470,0.023809523809523808
506471,0.09142857142857143
506472,0.02127659574468085
506473,0.43805309734513276
506474,0.0015151515151515152
506475,0.2662993572084481
506476,0.09142857142857143
506477,0.09142857142857143
506478,0.5946745562130178
506479,0.2662993572084481
506480,0.0071174377224199285
506481,0.06310679611650485
506482,0.11844484629294756
506483,0.0028011204481792717
506484,0.04798464491362764
506485,0.14396887159533073
506486,0.008130081300813009
506487,0.0325
506488,0.2662993572084481
506489,0.06825938566552901
506490,0.0071174377224199285
506491,0.3975409836065574
506492,0.0325
506493,0.43805309734513276
506494,0.0325
506495,0.09142857142857143
506496,0.11844484629294756
506497,0.11844484629294756
506498,0.256
506499,0.0071174377224199285
506500,0.011098130841121495
506501,0.11844484629294756
506502,0.18461538461538463
506503,0.23397435897435898
506504,0.03296703296703297
506505,0.008130081300813009
506506,0.0325
506507,0.03296703296703297
506508,0.023809523809523808
506509,0.09142857142857143
506510,0.011098130841121495
506511,0.09142857142857143
506512,0.0071174377224199285
506513,0.5946745562130178
506514,0.09887640449438202
506515,0.011098130841121495
506516,0.1518987341772152
506517,0.011098130841121495
506518,0.1493670886075949
506519,0.023809523809523808
506520,0.43805309734513276
506521,0.0325
506522,0.04081632653061224
506523,0.04798464491362764
506524,0.18421052631578946
506525,0.011098130841121495
506526,0.03548153511947864
506527,0.0028011204481792717
506528,0.18461538461538463
506529,0.0015151515151515152
506530,0.011098130841121495
506531,0.04798464491362764
506532,0.011098130841121495
506533,0.11844484629294756
506534,0.14396887159533073
506535,0.023809523809523808
506536,0.05263157894736842
506537,0.04081632653061224
506538,0.008130081300813009
506539,0.2662993572084481
506540,0.0071174377224199285
506541,0.04798464491362764
506542,0.011098130841121495
506543,0.008130081300813009
506544,0.2662993572084481
506545,0.011098130841121495
506546,0.6058823529411764
506547,0.5946745562130178
506548,0.2662993572084481
506549,0.14396887159533073
506550,0.15853658536585366
506551,0.011098130841121495
506552,0.3103448275862069
506553,0.03296703296703297
506554,0.14396887159533073
506555,0.11844484629294756
506556,0.09887640449438202
506557,0.0015151515151515152
506558,0.008130081300813009
506559,0.03548153511947864
506560,0.2662993572084481
506561,0.6582278481012658
506562,0.007851212953096081
506563,0.09887640449438202
506564,0.03296703296703297
506565,0.0028011204481792717
506566,0.0028011204481792717
506567,0.03548153511947864
506568,0.11844484629294756
506569,0.0071174377224199285
506570,0.344139650872818
506571,0.15853658536585366
506572,0.04081632653061224
506573,0.0015151515151515152
506574,0.0015151515151515152
506575,0.0015151515151515152
506576,0.5946745562130178
506577,0.011098130841121495
506578,0.5946745562130178
506579,0.023809523809523808
506580,0.0325
506581,0.011098130841121495
506582,0.04798464491362764
506583,0.14396887159533073
506584,0.023809523809523808
506585,0.023809523809523808
506586,0.7222222222222222
506587,0.0821917808219178
506588,0.03548153511947864
506589,0.29411764705882354
506590,0.011098130841121495
506591,0.06310679611650485
506592,0.0028011204481792717
506593,0.0071174377224199285
506594,0.02127659574468085
506595,0.011098130841121495
506596,0.011098130841121495
506597,0.256
506598,0.3975409836065574
506599,0.04798464491362764
506600,0.0071174377224199285
506601,0.04798464491362764
506602,0.011098130841121495
506603,0.04798464491362764
506604,0.1493670886075949
506605,0.7222222222222222
506606,0.06825938566552901
506607,0.11844484629294756
506608,0.04798464491362764
506609,0.09142857142857143
506610,0.008130081300813009
506611,0.3975409836065574
506612,0.0071174377224199285
506613,0.008130081300813009
506614,0.7222222222222222
506615,0.04798464491362764
506616,0.011098130841121495
506617,0.06825938566552901
506618,0.29411764705882354
506619,0.011098130841121495
506620,0.1493670886075949
506621,0.6058823529411764
506622,0.04798464491362764
506623,0.49212598425196863
506624,0.0325
506625,0.03296703296703297
506626,0.1493670886075949
506627,0.2662993572084481
506628,0.1493670886075949
506629,0.0028011204481792717
506630,0.2662993572084481
506631,0.0071174377224199285
506632,0.0071174377224199285
506633,0.18421052631578946
506634,0.023809523809523808
506635,0.23397435897435898
506636,0.49212598425196863
506637,0.023809523809523808
506638,0.02127659574468085
506639,0.03548153511947864
506640,0.04798464491362764
506641,0.023809523809523808
506642,0.023809523809523808
506643,0.09887640449438202
506644,0.0071174377224199285
506645,0.3975409836065574
506646,0.03548153511947864
506647,0.011098130841121495
506648,0.03548153511947864
506649,0.09142857142857143
506650,0.02127659574468085
506651,0.1493670886075949
506652,0.011098130841121495
506653,0.04798464491362764
506654,0.0071174377224199285
506655,0.03548153511947864
506656,0.5946745562130178
506657,0.0071174377224199285
506658,0.0015151515151515152
506659,0.1493670886075949
506660,0.0325
506661,0.2662993572084481
506662,0.0071174377224199285
506663,0.15853658536585366
506664,0.03548153511947864
506665,0.0071174377224199285
506666,0.8064516129032258
506667,0.0071174377224199285
506668,0.04798464491362764
506669,0.1493670886075949
506670,0.11844484629294756
506671,0.008130081300813009
506672,0.15853658536585366
506673,0.11844484629294756
506674,0.03548153511947864
506675,0.15853658536585366
506676,0.0071174377224199285
506677,0.04081632653061224
506678,0.0325
506679,0.49212598425196863
506680,0.344139650872818
506681,0.008130081300813009
506682,0.6058823529411764
506683,0.15853658536585366
506684,0.023809523809523808
506685,0.011098130841121495
506686,0.15853658536585366
506687,0.023809523809523808
506688,0.1493670886075949
506689,0.03548153511947864
506690,0.23397435897435898
506691,0.22627737226277372
506692,0.1493670886075949
506693,0.06825938566552901
506694,0.5946745562130178
506695,0.09142857142857143
506696,0.23397435897435898
506697,0.04798464491362764
506698,0.0071174377224199285
506699,0.7222222222222222
506700,0.29411764705882354
506701,0.0325
506702,0.09887640449438202
506703,0.3975409836065574
506704,0.04798464491362764
506705,0.03296703296703297
506706,0.011098130841121495
506707,0.45614035087719296
506708,0.37572254335260113
506709,0.5946745562130178
506710,0.1493670886075949
506711,0.09142857142857143
506712,0.2662993572084481
506713,0.09142857142857143
506714,0.2662993572084481
506715,0.011098130841121495
506716,0.14396887159533073
506717,0.2662993572084481
506718,0.11844484629294756
506719,0.03548153511947864
506720,0.03296703296703297
506721,0.04798464491362764
506722,0.0028011204481792717
506723,0.04798464491362764
506724,0.0071174377224199285
506725,0.15853658536585366
506726,0.11844484629294756
506727,0.0015151515151515152
506728,0.023809523809523808
506729,0.0071174377224199285
506730,0.0028011204481792717
506731,0.011098130841121495
506732,0.15853658536585366
506733,0.11844484629294756
506734,0.011098130841121495
506735,0.0325
506736,0.05263157894736842
506737,0.04798464491362764
506738,0.11844484629294756
506739,0.03296703296703297
506740,0.03548153511947864
506741,0.14396887159533073
506742,0.15853658536585366
506743,0.38461538461538464
506744,0.008130081300813009
506745,0.6058823529411764
506746,0.008130081300813009
506747,0.09142857142857143
506748,0.0071174377224199285
506749,0.04798464491362764
506750,0.011098130841121495
506751,0.011098130841121495
506752,0.0325
506753,0.03548153511947864
506754,0.05263157894736842
506755,0.0071174377224199285
506756,0.45614035087719296
506757,0.0325
506758,0.14396887159533073
506759,0.0015151515151515152
506760,0.6058823529411764
506761,0.6058823529411764
506762,0.11844484629294756
506763,0.04798464491362764
506764,0.09887640449438202
506765,0.11844484629294756
506766,0.011098130841121495
506767,0.06825938566552901
506768,0.11844484629294756
506769,0.06825938566552901
506770,0.1518987341772152
506771,0.008130081300813009
506772,0.09142857142857143
506773,0.2662993572084481
506774,0.011098130841121495
506775,0.03548153511947864
506776,0.0710172744721689
506777,0.04798464491362764
506778,0.2662993572084481
506779,0.04798464491362764
506780,0.03296703296703297
506781,0.11844484629294756
506782,0.3975409836065574
506783,0.0325
506784,0.011098130841121495
506785,0.2662993572084481
506786,0.1493670886075949
506787,0.09887640449438202
506788,0.04081632653061224
506789,0.256
506790,0.0028011204481792717
506791,0.22627737226277372
506792,0.04081632653061224
506793,0.06593406593406594
506794,0.5946745562130178
506795,0.256
506796,0.023809523809523808
506797,0.11844484629294756
506798,0.0071174377224199285
506799,0.04798464491362764
506800,0.04798464491362764
506801,0.0015151515151515152
506802,0.11844484629294756
506803,0.09142857142857143
506804,0.02127659574468085
506805,0.008130081300813009
506806,0.011098130841121495
506807,0.0015151515151515152
506808,0.03548153511947864
506809,0.008130081300813009
506810,0.03548153511947864
506811,0.04798464491362764
506812,0.04798464491362764
506813,0.7222222222222222
506814,0.0325
506815,0.2662993572084481
506816,0.0071174377224199285
506817,0.0325
506818,0.11844484629294756
506819,0.0325
506820,0.03548153511947864
506821,0.1493670886075949
506822,0.03548153511947864
506823,0.18421052631578946
506824,0.06310679611650485
506825,0.011098130841121495
506826,0.008130081300813009
506827,0.09887640449438202
506828,0.06310679611650485
506829,0.0325
506830,0.011098130841121495
506831,0.2662993572084481
506832,0.0015151515151515152
506833,0.0071174377224199285
506834,0.5757575757575758
506835,0.023809523809523808
506836,0.09142857142857143
506837,0.03548153511947864
506838,0.09887640449438202
506839,0.0325
506840,0.6058823529411764
506841,0.11844484629294756
506842,0.23397435897435898
506843,0.023809523809523808
506844,0.0071174377224199285
506845,0.0325
506846,0.0015151515151515152
506847,0.0015151515151515152
506848,0.04798464491362764
506849,0.2662993572084481
506850,0.0071174377224199285
506851,0.011098130841121495
506852,0.09142857142857143
506853,0.09142857142857143
506854,0.011098130841121495
506855,0.04798464491362764
506856,0.43805309734513276
506857,0.03548153511947864
506858,0.11844484629294756
506859,0.02127659574468085
506860,0.6058823529411764
506861,0.11844484629294756
506862,0.15853658536585366
506863,0.14396887159533073
506864,0.011098130841121495
506865,0.023809523809523808
506866,0.1493670886075949
506867,0.0325
506868,0.1493670886075949
506869,0.0821917808219178
506870,0.09887640449438202
506871,0.02127659574468085
506872,0.04798464491362764
506873,0.2662993572084481
506874,0.6582278481012658
506875,0.5946745562130178
506876,0.023809523809523808
506877,0.011098130841121495
506878,0.04798464491362764
506879,0.0071174377224199285
506880,0.008130081300813009
506881,0.0710172744721689
506882,0.03548153511947864
506883,0.1518987341772152
506884,0.3975409836065574
506885,0.011098130841121495
506886,0.09887640449438202
506887,0.06825938566552901
506888,0.011098130841121495
506889,0.22627737226277372
506890,0.0015151515151515152
506891,0.04798464491362764
506892,0.0015151515151515152
506893,0.1493670886075949
506894,0.03296703296703297
506895,0.0015151515151515152
506896,0.02127659574468085
506897,0.0325
506898,0.344139650872818
506899,0.04798464491362764
506900,0.29411764705882354
506901,0.2662993572084481
506902,0.0028011204481792717
506903,0.09142857142857143
506904,0.09142857142857143
506905,0.09142857142857143
506906,0.11844484629294756
506907,0.04798464491362764
506908,0.09142857142857143
506909,0.011098130841121495
506910,0.22627737226277372
506911,0.04798464491362764
506912,0.1493670886075949
506913,0.18421052631578946
506914,0.11844484629294756
506915,0.04798464491362764
506916,0.14396887159533073
506917,0.008130081300813009
506918,0.0710172744721689
506919,0.11844484629294756
506920,0.023809523809523808
506921,0.03548153511947864
506922,0.023809523809523808
506923,0.0071174377224199285
506924,0.0015151515151515152
506925,0.09142857142857143
506926,0.04798464491362764
506927,0.3975409836065574
506928,0.0710172744721689
506929,0.008130081300813009
506930,0.0071174377224199285
506931,0.04798464491362764
506932,0.0028011204481792717
506933,0.3975409836065574
506934,0.06825938566552901
506935,0.5757575757575758
506936,0.1493670886075949
506937,0.011098130841121495
506938,0.023809523809523808
506939,0.0071174377224199285
506940,0.0071174377224199285
506941,0.0821917808219178
506942,0.023809523809523808
506943,0.011098130841121495
506944,0.09887640449438202
506945,0.15853658536585366
506946,0.0015151515151515152
506947,0.2662993572084481
506948,0.45614035087719296
506949,0.0028011204481792717
506950,0.09142857142857143
506951,0.023809523809523808
506952,0.2662993572084481
506953,0.344139650872818
506954,0.0071174377224199285
506955,0.0710172744721689
506956,0.0710172744721689
506957,0.011098130841121495
506958,0.09142857142857143
506959,0.0071174377224199285
506960,0.18461538461538463
506961,0.0015151515151515152
506962,0.04081632653061224
506963,0.04798464491362764
506964,0.2662993572084481
506965,0.011098130841121495
506966,0.07920792079207921
506967,0.03548153511947864
506968,0.09887640449438202
506969,0.2662993572084481
506970,0.0325
506971,0.008130081300813009
506972,0.1493670886075949
506973,0.0071174377224199285
506974,0.11844484629294756
506975,0.22627737226277372
506976,0.2662993572084481
506977,0.0015151515151515152
506978,0.1518987341772152
506979,0.5946745562130178
506980,0.2662993572084481
506981,0.06825938566552901
506982,0.2662993572084481
506983,0.008130081300813009
506984,0.09887640449438202
506985,0.0325
506986,0.2662993572084481
506987,0.11844484629294756
506988,0.11844484629294756
506989,0.2662993572084481
506990,0.0710172744721689
506991,0.09887640449438202
506992,0.04798464491362764
506993,0.0071174377224199285
506994,0.09887640449438202
506995,0.37572254335260113
506996,0.011098130841121495
506997,0.0071174377224199285
506998,0.09887640449438202
506999,0.03548153511947864
507000,0.0071174377224199285
507001,0.11844484629294756
507002,0.008130081300813009
507003,0.06310679611650485
507004,0.023809523809523808
507005,0.256
507006,0.1493670886075949
507007,0.2662993572084481
507008,0.07920792079207921
507009,0.04081632653061224
507010,0.29411764705882354
507011,0.11844484629294756
507012,0.04798464491362764
507013,0.03548153511947864
507014,0.11844484629294756
507015,0.15853658536585366
507016,0.04798464491362764
507017,0.0015151515151515152
507018,0.023809523809523808
507019,0.43805309734513276
507020,0.1493670886075949
507021,0.0071174377224199285
507022,0.011098130841121495
507023,0.0071174377224199285
507024,0.0710172744721689
507025,0.008130081300813009
507026,0.04798464491362764
507027,0.04798464491362764
507028,0.011098130841121495
507029,0.011098130841121495
507030,0.008130081300813009
507031,0.2662993572084481
507032,0.11844484629294756
507033,0.2662993572084481
507034,0.04798464491362764
507035,0.03548153511947864
507036,0.04798464491362764
507037,0.344139650872818
507038,0.0325
507039,0.0028011204481792717
507040,0.37572254335260113
507041,0.008130081300813009
507042,0.023809523809523808
507043,0.0071174377224199285
507044,0.011098130841121495
507045,0.6058823529411764
507046,0.2662993572084481
507047,0.0028011204481792717
507048,0.011098130841121495
507049,0.23397435897435898
507050,0.0015151515151515152
507051,0.03548153511947864
507052,0.0028011204481792717
507053,0.09142857142857143
507054,0.14396887159533073
507055,0.0710172744721689
507056,0.09142857142857143
507057,0.03548153511947864
507058,0.0071174377224199285
507059,0.023809523809523808
507060,0.3975409836065574
507061,0.2662993572084481
507062,0.011098130841121495
507063,0.15853658536585366
507064,0.06825938566552901
507065,0.008130081300813009
507066,0.1493670886075949
507067,0.2662993572084481
507068,0.1493670886075949
507069,0.03548153511947864
507070,0.09142857142857143
507071,0.0015151515151515152
507072,0.02127659574468085
507073,0.09887640449438202
507074,0.03296703296703297
507075,0.344139650872818
507076,0.2662993572084481
507077,0.18421052631578946
507078,0.11844484629294756
507079,0.04798464491362764
507080,0.1493670886075949
507081,0.0071174377224199285
507082,0.14396887159533073
507083,0.2662993572084481
507084,0.2662993572084481
507085,0.0028011204481792717
507086,0.04798464491362764
507087,0.03548153511947864
507088,0.03548153511947864
507089,0.06593406593406594
507090,0.008130081300813009
507091,0.06593406593406594
507092,0.04798464491362764
507093,0.04081632653061224
507094,0.1518987341772152
507095,0.11844484629294756
507096,0.09142857142857143
507097,0.008130081300813009
507098,0.011098130841121495
507099,0.18421052631578946
507100,0.0710172744721689
507101,0.11844484629294756
507102,0.2662993572084481
507103,0.6058823529411764
507104,0.0015151515151515152
507105,0.06593406593406594
507106,0.0325
507107,0.06825938566552901
507108,0.5946745562130178
507109,0.3975409836065574
507110,0.011098130841121495
507111,0.0028011204481792717
507112,0.23397435897435898
507113,0.0710172744721689
507114,0.0071174377224199285
507115,0.45614035087719296
507116,0.0071174377224199285
507117,0.344139650872818
507118,0.256
507119,0.008130081300813009
507120,0.04798464491362764
507121,0.09142857142857143
507122,0.5946745562130178
507123,0.49212598425196863
507124,0.6058823529411764
507125,0.2662993572084481
507126,0.2662993572084481
507127,0.04798464491362764
507128,0.11844484629294756
507129,0.11844484629294756
507130,0.008130081300813009
507131,0.011098130841121495
507132,0.3975409836065574
507133,0.11844484629294756
507134,0.344139650872818
507135,0.49212598425196863
507136,0.2662993572084481
507137,0.0710172744721689
507138,0.011098130841121495
507139,0.49212598425196863
507140,0.04798464491362764
507141,0.0015151515151515152
507142,0.0071174377224199285
507143,0.04798464491362764
507144,0.2662993572084481
507145,0.23397435897435898
507146,0.0325
507147,0.0710172744721689
507148,0.03548153511947864
507149,0.03548153511947864
507150,0.2662993572084481
507151,0.49212598425196863
507152,0.03548153511947864
507153,0.3975409836065574
507154,0.023809523809523808
507155,0.3975409836065574
507156,0.0325
507157,0.11844484629294756
507158,0.06310679611650485
507159,0.008130081300813009
507160,0.0071174377224199285
507161,0.5946745562130178
507162,0.04798464491362764
507163,0.008130081300813009
507164,0.0071174377224199285
507165,0.04798464491362764
507166,0.09142857142857143
507167,0.37572254335260113
507168,0.011098130841121495
507169,0.0821917808219178
507170,0.49212598425196863
507171,0.03296703296703297
507172,0.09887640449438202
507173,0.04798464491362764
507174,0.011098130841121495
507175,0.0071174377224199285
507176,0.0710172744721689
507177,0.09142857142857143
507178,0.05263157894736842
507179,0.23397435897435898
507180,0.008130081300813009
507181,0.3975409836065574
507182,0.1493670886075949
507183,0.09142857142857143
507184,0.0710172744721689
507185,0.008130081300813009
507186,0.06825938566552901
507187,0.0071174377224199285
507188,0.43805309734513276
507189,0.011098130841121495
507190,0.09887640449438202
507191,0.03548153511947864
507192,0.14396887159533073
507193,0.008130081300813009
507194,0.49212598425196863
507195,0.011098130841121495
507196,0.09887640449438202
507197,0.6058823529411764
507198,0.06825938566552901
507199,0.04798464491362764
507200,0.09887640449438202
507201,0.011098130841121495
507202,0.0015151515151515152
507203,0.008130081300813009
507204,0.2662993572084481
507205,0.0071174377224199285
507206,0.04798464491362764
507207,0.49212598425196863
507208,0.023809523809523808
507209,0.2662993572084481
507210,0.008130081300813009
507211,0.03548153511947864
507212,0.04798464491362764
507213,0.0325
507214,0.344139650872818
507215,0.3975409836065574
507216,0.0071174377224199285
507217,0.2662993572084481
507218,0.0071174377224199285
507219,0.008130081300813009
507220,0.09887640449438202
507221,0.0325
507222,0.011098130841121495
507223,0.0071174377224199285
507224,0.2662993572084481
507225,0.008130081300813009
507226,0.011098130841121495
507227,0.11844484629294756
507228,0.023809523809523808
507229,0.011098130841121495
507230,0.1493670886075949
507231,0.011098130841121495
507232,0.04798464491362764
507233,0.0325
507234,0.7222222222222222
507235,0.43805309734513276
507236,0.04798464491362764
507237,0.0028011204481792717
507238,0.0325
507239,0.011098130841121495
507240,0.0325
507241,0.008130081300813009
507242,0.49212598425196863
507243,0.011098130841121495
507244,0.008130081300813009
507245,0.011098130841121495
507246,0.09887640449438202
507247,0.0015151515151515152
507248,0.0028011204481792717
507249,0.23397435897435898
507250,0.14396887159533073
507251,0.0071174377224199285
507252,0.03548153511947864
507253,0.344139650872818
507254,0.2662993572084481
507255,0.0071174377224199285
507256,0.0071174377224199285
507257,0.03548153511947864
507258,0.344139650872818
507259,0.09887640449438202
507260,0.22627737226277372
507261,0.11844484629294756
507262,0.344139650872818
507263,0.0071174377224199285
507264,0.2662993572084481
507265,0.1493670886075949
507266,0.008130081300813009
507267,0.023809523809523808
507268,0.03548153511947864
507269,0.04798464491362764
507270,0.0710172744721689
507271,0.011098130841121495
507272,0.14396887159533073
507273,0.023809523809523808
507274,0.0710172744721689
507275,0.0028011204481792717
507276,0.04798464491362764
507277,0.3975409836065574
507278,0.04081632653061224
507279,0.008130081300813009
507280,0.04798464491362764
507281,0.1493670886075949
507282,0.04081632653061224
507283,0.011098130841121495
507284,0.23397435897435898
507285,0.11844484629294756
507286,0.011098130841121495
507287,0.03548153511947864
507288,0.11844484629294756
507289,0.0325
507290,0.43805309734513276
507291,0.011098130841121495
507292,0.43805309734513276
507293,0.6582278481012658
507294,0.09142857142857143
507295,0.008130081300813009
507296,0.023809523809523808
507297,0.06593406593406594
507298,0.14396887159533073
507299,0.0015151515151515152
507300,0.09142857142857143
507301,0.15853658536585366
507302,0.2662993572084481
507303,0.0028011204481792717
507304,0.11844484629294756
507305,0.04798464491362764
507306,0.03548153511947864
507307,0.11844484629294756
507308,0.37572254335260113
507309,0.03548153511947864
507310,0.011098130841121495
507311,0.008130081300813009
507312,0.14396887159533073
507313,0.11844484629294756
507314,0.09142857142857143
507315,0.011098130841121495
507316,0.344139650872818
507317,0.011098130841121495
507318,0.0015151515151515152
507319,0.04081632653061224
507320,0.03548153511947864
507321,0.04798464491362764
507322,0.09142857142857143
507323,0.008130081300813009
507324,0.04798464491362764
507325,0.05263157894736842
507326,0.1493670886075949
507327,0.14396887159533073
507328,0.49212598425196863
507329,0.14396887159533073
507330,0.23397435897435898
507331,0.03548153511947864
507332,0.14396887159533073
507333,0.011098130841121495
507334,0.06825938566552901
507335,0.3975409836065574
507336,0.49212598425196863
507337,0.04798464491362764
507338,0.011098130841121495
507339,0.15853658536585366
507340,0.023809523809523808
507341,0.04081632653061224
507342,0.023809523809523808
507343,0.29411764705882354
507344,0.11844484629294756
507345,0.1493670886075949
507346,0.011098130841121495
507347,0.11844484629294756
507348,0.09887640449438202
507349,0.011098130841121495
507350,0.09142857142857143
507351,0.1493670886075949
507352,0.09142857142857143
507353,0.03296703296703297
507354,0.09887640449438202
507355,0.0071174377224199285
507356,0.011098130841121495
507357,0.0028011204481792717
507358,0.2662993572084481
507359,0.45614035087719296
507360,0.14396887159533073
507361,0.03548153511947864
507362,0.011098130841121495
507363,0.09887640449438202
507364,0.0071174377224199285
507365,0.06825938566552901
507366,0.0325
507367,0.03548153511947864
507368,0.03548153511947864
507369,0.03548153511947864
507370,0.008130081300813009
507371,0.18421052631578946
507372,0.011098130841121495
507373,0.2662993572084481
507374,0.0710172744721689
507375,0.6582278481012658
507376,0.04798464491362764
507377,0.14396887159533073
507378,0.04798464491362764
507379,0.0325
507380,0.0015151515151515152
507381,0.37572254335260113
507382,0.09887640449438202
507383,0.18421052631578946
507384,0.0028011204481792717
507385,0.1493670886075949
507386,0.6058823529411764
507387,0.03548153511947864
507388,0.0015151515151515152
507389,0.1518987341772152
507390,0.03548153511947864
507391,0.023809523809523808
507392,0.11844484629294756
507393,0.011098130841121495
507394,0.008130081300813009
507395,0.1493670886075949
507396,0.09142857142857143
507397,0.0325
507398,0.09142857142857143
507399,0.0071174377224199285
507400,0.23397435897435898
507401,0.0015151515151515152
507402,0.344139650872818
507403,0.6363636363636364
507404,0.023809523809523808
507405,0.1493670886075949
507406,0.11844484629294756
507407,0.1518987341772152
507408,0.5946745562130178
507409,0.008130081300813009
507410,0.49212598425196863
507411,0.5946745562130178
507412,0.09142857142857143
507413,0.0071174377224199285
507414,0.0071174377224199285
507415,0.04798464491362764
507416,0.2662993572084481
507417,0.008130081300813009
507418,0.0071174377224199285
507419,0.04081632653061224
507420,0.15853658536585366
507421,0.11844484629294756
507422,0.5946745562130178
507423,0.09887640449438202
507424,0.11844484629294756
507425,0.2662993572084481
507426,0.09887640449438202
507427,0.09887640449438202
507428,0.008130081300813009
507429,0.0325
507430,0.011098130841121495
507431,0.344139650872818
507432,0.0071174377224199285
507433,0.011098130841121495
507434,0.23397435897435898
507435,0.43805309734513276
507436,0.23397435897435898
507437,0.04081632653061224
507438,0.03296703296703297
507439,0.0015151515151515152
507440,0.008130081300813009
507441,0.011098130841121495
507442,0.03548153511947864
507443,0.256
507444,0.5946745562130178
507445,0.5757575757575758
507446,0.11844484629294756
507447,0.0071174377224199285
507448,0.011098130841121495
507449,0.6582278481012658
507450,0.09887640449438202
507451,0.06825938566552901
507452,0.1493670886075949
507453,0.14396887159533073
507454,0.008130081300813009
507455,0.09142857142857143
507456,0.11844484629294756
507457,0.0015151515151515152
507458,0.23397435897435898
507459,0.011098130841121495
507460,0.11844484629294756
507461,0.43805309734513276
507462,0.23397435897435898
507463,0.0071174377224199285
507464,0.011098130841121495
507465,0.23397435897435898
507466,0.14396887159533073
507467,0.09887640449438202
507468,0.06825938566552901
507469,0.1493670886075949
507470,0.0325
507471,0.37572254335260113
507472,0.03548153511947864
507473,0.11844484629294756
507474,0.0015151515151515152
507475,0.1493670886075949
507476,0.2662993572084481
507477,0.2662993572084481
507478,0.09887640449438202
507479,0.09142857142857143
507480,0.011098130841121495
507481,0.06310679611650485
507482,0.09142857142857143
507483,0.0710172744721689
507484,0.2662993572084481
507485,0.6058823529411764
507486,0.04798464491362764
507487,0.18421052631578946
507488,0.008130081300813009
507489,0.09142857142857143
507490,0.04798464491362764
507491,0.09142857142857143
507492,0.09142857142857143
507493,0.09142857142857143
507494,0.03548153511947864
507495,0.04798464491362764
507496,0.09142857142857143
507497,0.04798464491362764
507498,0.011098130841121495
507499,0.04798464491362764
507500,0.2662993572084481
507501,0.011098130841121495
507502,0.11844484629294756
507503,0.0028011204481792717
507504,0.03548153511947864
507505,0.09142857142857143
507506,0.09887640449438202
507507,0.0325
507508,0.11844484629294756
507509,0.29411764705882354
507510,0.03548153511947864
507511,0.011098130841121495
507512,0.09142857142857143
507513,0.0710172744721689
507514,0.03548153511947864
507515,0.023809523809523808
507516,0.0015151515151515152
507517,0.03548153511947864
507518,0.011098130841121495
507519,0.023809523809523808
507520,0.5946745562130178
507521,0.06825938566552901
507522,0.0071174377224199285
507523,0.03296703296703297
507524,0.6058823529411764
507525,0.1493670886075949
507526,0.04798464491362764
507527,0.09887640449438202
507528,0.18461538461538463
507529,0.04081632653061224
507530,0.0071174377224199285
507531,0.45614035087719296
507532,0.04798464491362764
507533,0.43805309734513276
507534,0.43805309734513276
507535,0.1493670886075949
507536,0.011098130841121495
507537,0.09887640449438202
507538,0.2662993572084481
507539,0.09142857142857143
507540,0.04798464491362764
507541,0.06593406593406594
507542,0.011098130841121495
507543,0.02127659574468085
507544,0.11844484629294756
507545,0.0071174377224199285
507546,0.09142857142857143
507547,0.0710172744721689
507548,0.04081632653061224
507549,0.344139650872818
507550,0.14396887159533073
507551,0.011098130841121495
507552,0.011098130841121495
507553,0.011098130841121495
507554,0.37572254335260113
507555,0.09887640449438202
507556,0.3975409836065574
507557,0.011098130841121495
507558,0.09142857142857143
507559,0.11844484629294756
507560,0.1493670886075949
507561,0.04798464491362764
507562,0.04798464491362764
507563,0.0015151515151515152
507564,0.011098130841121495
507565,0.0821917808219178
507566,0.011098130841121495
507567,0.15853658536585366
507568,0.09887640449438202
507569,0.49212598425196863
507570,0.344139650872818
507571,0.14396887159533073
507572,0.7222222222222222
507573,0.011098130841121495
507574,0.09887640449438202
507575,0.011098130841121495
507576,0.04798464491362764
507577,0.04798464491362764
507578,0.04798464491362764
507579,0.344139650872818
507580,0.43805309734513276
507581,0.0071174377224199285
507582,0.18421052631578946
507583,0.0325
507584,0.04798464491362764
507585,0.04798464491362764
507586,0.0015151515151515152
507587,0.023809523809523808
507588,0.11844484629294756
507589,0.0071174377224199285
507590,0.14396887159533073
507591,0.0325
507592,0.04798464491362764
507593,0.3975409836065574
507594,0.0325
507595,0.11844484629294756
507596,0.0015151515151515152
507597,0.49212598425196863
507598,0.03296703296703297
507599,0.256
507600,0.09887640449438202
507601,0.14396887159533073
507602,0.0071174377224199285
507603,0.7222222222222222
507604,0.03548153511947864
507605,0.11844484629294756
507606,0.04798464491362764
507607,0.0071174377224199285
507608,0.09887640449438202
507609,0.023809523809523808
507610,0.0071174377224199285
507611,0.011098130841121495
507612,0.09142857142857143
507613,0.09142857142857143
507614,0.1493670886075949
507615,0.2662993572084481
507616,0.18421052631578946
507617,0.0325
507618,0.011098130841121495
507619,0.008130081300813009
507620,0.344139650872818
507621,0.1493670886075949
507622,0.0015151515151515152
507623,0.11844484629294756
507624,0.04081632653061224
507625,0.11844484629294756
507626,0.5946745562130178
507627,0.03548153511947864
507628,0.344139650872818
507629,0.05263157894736842
507630,0.04798464491362764
507631,0.2662993572084481
507632,0.256
507633,0.008130081300813009
507634,0.04798464491362764
507635,0.0325
507636,0.04798464491362764
507637,0.008130081300813009
507638,0.011098130841121495
507639,0.14396887159533073
507640,0.0710172744721689
507641,0.011098130841121495
507642,0.06825938566552901
507643,0.04798464491362764
507644,0.04798464491362764
507645,0.04798464491362764
507646,0.04081632653061224
507647,0.15853658536585366
507648,0.04798464491362764
507649,0.0071174377224199285
507650,0.23397435897435898
507651,0.11844484629294756
507652,0.2662993572084481
507653,0.1493670886075949
507654,0.008130081300813009
507655,0.344139650872818
507656,0.38461538461538464
507657,0.04798464491362764
507658,0.03548153511947864
507659,0.02127659574468085
507660,0.011098130841121495
507661,0.023809523809523808
507662,0.2662993572084481
507663,0.011098130841121495
507664,0.1493670886075949
507665,0.0015151515151515152
507666,0.2662993572084481
507667,0.2662993572084481
507668,0.15853658536585366
507669,0.0015151515151515152
507670,0.09142857142857143
507671,0.45614035087719296
507672,0.008130081300813009
507673,0.3975409836065574
507674,0.2662993572084481
507675,0.0071174377224199285
507676,0.0028011204481792717
507677,0.0710172744721689
507678,0.011098130841121495
507679,0.09887640449438202
507680,0.344139650872818
507681,0.03548153511947864
507682,0.344139650872818
507683,0.0325
507684,0.023809523809523808
507685,0.11844484629294756
507686,0.2662993572084481
507687,0.2662993572084481
507688,0.04798464491362764
507689,0.45614035087719296
507690,0.7222222222222222
507691,0.0071174377224199285
507692,0.11844484629294756
507693,0.37572254335260113
507694,0.0015151515151515152
507695,0.11844484629294756
507696,0.43805309734513276
507697,0.011098130841121495
507698,0.256
507699,0.1518987341772152
507700,0.03548153511947864
507701,0.0028011204481792717
507702,0.04798464491362764
507703,0.0710172744721689
507704,0.011098130841121495
507705,0.0710172744721689
507706,0.0325
507707,0.2662993572084481
507708,0.011098130841121495
507709,0.1493670886075949
507710,0.0071174377224199285
507711,0.09887640449438202
507712,0.09142857142857143
507713,0.7222222222222222
507714,0.11844484629294756
507715,0.09887640449438202
507716,0.11844484629294756
507717,0.0015151515151515152
507718,0.2662993572084481
507719,0.14396887159533073
507720,0.344139650872818
507721,0.0071174377224199285
507722,0.22627737226277372
507723,0.09142857142857143
507724,0.11844484629294756
507725,0.09887640449438202
507726,0.09142857142857143
507727,0.3975409836065574
507728,0.011098130841121495
507729,0.344139650872818
507730,0.09142857142857143
507731,0.023809523809523808
507732,0.023809523809523808
507733,0.03548153511947864
507734,0.5946745562130178
507735,0.0710172744721689
507736,0.0071174377224199285
507737,0.06310679611650485
507738,0.5946745562130178
507739,0.2662993572084481
507740,0.023809523809523808
507741,0.1493670886075949
507742,0.023809523809523808
507743,0.3975409836065574
507744,0.023809523809523808
507745,0.29411764705882354
507746,0.07920792079207921
507747,0.04798464491362764
507748,0.0071174377224199285
507749,0.09142857142857143
507750,0.008130081300813009
507751,0.03548153511947864
507752,0.344139650872818
507753,0.0015151515151515152
507754,0.14396887159533073
507755,0.04798464491362764
507756,0.03548153511947864
507757,0.06593406593406594
507758,0.0325
507759,0.04798464491362764
507760,0.09142857142857143
507761,0.09887640449438202
507762,0.06825938566552901
507763,0.1493670886075949
507764,0.2662993572084481
507765,0.0028011204481792717
507766,0.15853658536585366
507767,0.03548153511947864
507768,0.49212598425196863
507769,0.03548153511947864
507770,0.04081632653061224
507771,0.09887640449438202
507772,0.09142857142857143
507773,0.011098130841121495
507774,0.29411764705882354
507775,0.04798464491362764
507776,0.0325
507777,0.23397435897435898
507778,0.06825938566552901
507779,0.011098130841121495
507780,0.06310679611650485
507781,0.0071174377224199285
507782,0.0028011204481792717
507783,0.0071174377224199285
507784,0.6058823529411764
507785,0.23397435897435898
507786,0.09887640449438202
507787,0.0071174377224199285
507788,0.011098130841121495
507789,0.04798464491362764
507790,0.2662993572084481
507791,0.49212598425196863
507792,0.0710172744721689
507793,0.0071174377224199285
507794,0.2662993572084481
507795,0.09142857142857143
507796,0.0071174377224199285
507797,0.011098130841121495
507798,0.011098130841121495
507799,0.011098130841121495
507800,0.008130081300813009
507801,0.11844484629294756
507802,0.2662993572084481
507803,0.09142857142857143
507804,0.03548153511947864
507805,0.14396887159533073
507806,0.04798464491362764
507807,0.06825938566552901
507808,0.11844484629294756
507809,0.011098130841121495
507810,0.0325
507811,0.04798464491362764
507812,0.04081632653061224
507813,0.011098130841121495
507814,0.09142857142857143
507815,0.04081632653061224
507816,0.1493670886075949
507817,0.11844484629294756
507818,0.04798464491362764
507819,0.0325
507820,0.011098130841121495
507821,0.09142857142857143
507822,0.04798464491362764
507823,0.29411764705882354
507824,0.04081632653061224
507825,0.0325
507826,0.15853658536585366
507827,0.008130081300813009
507828,0.0015151515151515152
507829,0.008130081300813009
507830,0.49212598425196863
507831,0.02127659574468085
507832,0.6582278481012658
507833,0.011098130841121495
507834,0.13559322033898305
507835,0.0071174377224199285
507836,0.0071174377224199285
507837,0.45614035087719296
507838,0.344139650872818
507839,0.025744317882249027
507840,0.43805309734513276
507841,0.3103448275862069
507842,0.5946745562130178
507843,0.023809523809523808
507844,0.23397435897435898
507845,0.03548153511947864
507846,0.0325
507847,0.03296703296703297
507848,0.0015151515151515152
507849,0.11844484629294756
507850,0.0071174377224199285
507851,0.06825938566552901
507852,0.0071174377224199285
507853,0.0325
507854,0.11844484629294756
507855,0.0071174377224199285
507856,0.1493670886075949
507857,0.03296703296703297
507858,0.14396887159533073
507859,0.03548153511947864
507860,0.11844484629294756
507861,0.09142857142857143
507862,0.43805309734513276
507863,0.0071174377224199285
507864,0.09142857142857143
507865,0.06825938566552901
507866,0.256
507867,0.09142857142857143
507868,0.0071174377224199285
507869,0.11844484629294756
507870,0.06825938566552901
507871,0.15853658536585366
507872,0.11844484629294756
507873,0.23397435897435898
507874,0.37572254335260113
507875,0.0071174377224199285
507876,0.2662993572084481
507877,0.2662993572084481
507878,0.1493670886075949
507879,0.011098130841121495
507880,0.03548153511947864
507881,0.14396887159533073
507882,0.008130081300813009
507883,0.0071174377224199285
507884,0.04798464491362764
507885,0.5946745562130178
507886,0.04798464491362764
507887,0.09142857142857143
507888,0.6058823529411764
507889,0.09142857142857143
507890,0.09887640449438202
507891,0.03548153511947864
507892,0.03548153511947864
507893,0.3975409836065574
507894,0.0325
507895,0.0325
507896,0.0071174377224199285
507897,0.0071174377224199285
507898,0.09887640449438202
507899,0.04798464491362764
507900,0.04798464491362764
507901,0.03296703296703297
507902,0.011098130841121495
507903,0.06310679611650485
507904,0.11844484629294756
507905,0.011098130841121495
507906,0.03548153511947864
507907,0.1493670886075949
507908,0.04798464491362764
507909,0.0325
507910,0.03548153511947864
507911,0.3975409836065574
507912,0.03296703296703297
507913,0.03548153511947864
507914,0.008130081300813009
507915,0.13559322033898305
507916,0.023809523809523808
507917,0.344139650872818
507918,0.008130081300813009
507919,0.011098130841121495
507920,0.5946745562130178
507921,0.11844484629294756
507922,0.1493670886075949
507923,0.11844484629294756
507924,0.0015151515151515152
507925,0.06825938566552901
507926,0.04798464491362764
507927,0.011098130841121495
507928,0.023809523809523808
507929,0.09142857142857143
507930,0.22627737226277372
507931,0.06310679611650485
507932,0.023809523809523808
507933,0.03548153511947864
507934,0.0325
507935,0.49212598425196863
507936,0.011098130841121495
507937,0.23397435897435898
507938,0.04798464491362764
507939,0.0015151515151515152
507940,0.008130081300813009
507941,0.14396887159533073
507942,0.11844484629294756
507943,0.0071174377224199285
507944,0.23397435897435898
507945,0.0071174377224199285
507946,0.49212598425196863
507947,0.09887640449438202
507948,0.3975409836065574
507949,0.0028011204481792717
507950,0.023809523809523808
507951,0.0821917808219178
507952,0.0071174377224199285
507953,0.05263157894736842
507954,0.04798464491362764
507955,0.09142857142857143
507956,0.09887640449438202
507957,0.04798464491362764
507958,0.14396887159533073
507959,0.0325
507960,0.256
507961,0.344139650872818
507962,0.03548153511947864
507963,0.09887640449438202
507964,0.03548153511947864
507965,0.2662993572084481
507966,0.09887640449438202
507967,0.11844484629294756
507968,0.11844484629294756
507969,0.0028011204481792717
507970,0.2662993572084481
507971,0.0710172744721689
507972,0.04798464491362764
507973,0.03296703296703297
507974,0.008130081300813009
507975,0.023809523809523808
507976,0.09887640449438202
507977,0.04798464491362764
507978,0.03296703296703297
507979,0.1493670886075949
507980,0.43805309734513276
507981,0.04798464491362764
507982,0.023809523809523808
507983,0.0015151515151515152
507984,0.11844484629294756
507985,0.344139650872818
507986,0.008130081300813009
507987,0.2662993572084481
507988,0.09887640449438202
507989,0.11844484629294756
507990,0.344139650872818
507991,0.5757575757575758
507992,0.04798464491362764
507993,0.023809523809523808
507994,0.0821917808219178
507995,0.344139650872818
507996,0.09887640449438202
507997,0.2662993572084481
507998,0.14396887159533073
507999,0.09887640449438202
508000,0.256
508001,0.2662993572084481
508002,0.43805309734513276
508003,0.0015151515151515152
508004,0.2662993572084481
508005,0.11844484629294756
508006,0.06310679611650485
508007,0.11844484629294756
508008,0.7222222222222222
508009,0.256
508010,0.6058823529411764
508011,0.2662993572084481
508012,0.011098130841121495
508013,0.011098130841121495
508014,0.0071174377224199285
508015,0.011098130841121495
508016,0.09887640449438202
508017,0.023809523809523808
508018,0.011098130841121495
508019,0.23397435897435898
508020,0.3975409836065574
508021,0.0325
508022,0.11844484629294756
508023,0.0325
508024,0.05263157894736842
508025,0.1493670886075949
508026,0.1493670886075949
508027,0.1493670886075949
508028,0.09142857142857143
508029,0.0071174377224199285
508030,0.06593406593406594
508031,0.0071174377224199285
508032,0.0015151515151515152
508033,0.09142857142857143
508034,0.11844484629294756
508035,0.04798464491362764
508036,0.03296703296703297
508037,0.49212598425196863
508038,0.1493670886075949
508039,0.09887640449438202
508040,0.04081632653061224
508041,0.1493670886075949
508042,0.09142857142857143
508043,0.11844484629294756
508044,0.05263157894736842
508045,0.011098130841121495
508046,0.011098130841121495
508047,0.09142857142857143
508048,0.1518987341772152
508049,0.0821917808219178
508050,0.03296703296703297
508051,0.2662993572084481
508052,0.49212598425196863
508053,0.04798464491362764
508054,0.49212598425196863
508055,0.49212598425196863
508056,0.008130081300813009
508057,0.1518987341772152
508058,0.0325
508059,0.04798464491362764
508060,0.011098130841121495
508061,0.03548153511947864
508062,0.344139650872818
508063,0.04798464491362764
508064,0.6582278481012658
508065,0.5946745562130178
508066,0.03548153511947864
508067,0.09142857142857143
508068,0.0071174377224199285
508069,0.0028011204481792717
508070,0.03548153511947864
508071,0.0071174377224199285
508072,0.5946745562130178
508073,0.0325
508074,0.011098130841121495
508075,0.11844484629294756
508076,0.06310679611650485
508077,0.0015151515151515152
508078,0.03548153511947864
508079,0.13559322033898305
508080,0.008130081300813009
508081,0.011098130841121495
508082,0.7222222222222222
508083,0.2662993572084481
508084,0.23397435897435898
508085,0.15853658536585366
508086,0.011098130841121495
508087,0.02127659574468085
508088,0.023809523809523808
508089,0.04798464491362764
508090,0.09887640449438202
508091,0.04798464491362764
508092,0.0325
508093,0.14396887159533073
508094,0.04798464491362764
508095,0.023809523809523808
508096,0.38461538461538464
508097,0.03548153511947864
508098,0.02127659574468085
508099,0.6582278481012658
508100,0.1493670886075949
508101,0.04081632653061224
508102,0.09887640449438202
508103,0.011098130841121495
508104,0.15853658536585366
508105,0.49212598425196863
508106,0.5946745562130178
508107,0.011098130841121495
508108,0.011098130841121495
508109,0.6058823529411764
508110,0.0325
508111,0.011098130841121495
508112,0.11844484629294756
508113,0.256
508114,0.2662993572084481
508115,0.1493670886075949
508116,0.2662993572084481
508117,0.0325
508118,0.0015151515151515152
508119,0.0071174377224199285
508120,0.5946745562130178
508121,0.23397435897435898
508122,0.03548153511947864
508123,0.011098130841121495
508124,0.09142857142857143
508125,0.0710172744721689
508126,0.04798464491362764
508127,0.29411764705882354
508128,0.011098130841121495
508129,0.18461538461538463
508130,0.0071174377224199285
508131,0.011098130841121495
508132,0.0015151515151515152
508133,0.06825938566552901
508134,0.03548153511947864
508135,0.11844484629294756
508136,0.09142857142857143
508137,0.011098130841121495
508138,0.04798464491362764
508139,0.1493670886075949
508140,0.0028011204481792717
508141,0.09887640449438202
508142,0.344139650872818
508143,0.14396887159533073
508144,0.008130081300813009
508145,0.2662993572084481
508146,0.011098130841121495
508147,0.1493670886075949
508148,0.23397435897435898
508149,0.23397435897435898
508150,0.38461538461538464
508151,0.1493670886075949
508152,0.14396887159533073
508153,0.011098130841121495
508154,0.11844484629294756
508155,0.1493670886075949
508156,0.011098130841121495
508157,0.008130081300813009
508158,0.23397435897435898
508159,0.03548153511947864
508160,0.2662993572084481
508161,0.23397435897435898
508162,0.008130081300813009
508163,0.0325
508164,0.344139650872818
508165,0.11844484629294756
508166,0.04081632653061224
508167,0.03548153511947864
508168,0.5946745562130178
508169,0.011098130841121495
508170,0.04081632653061224
508171,0.09142857142857143
508172,0.37572254335260113
508173,0.06825938566552901
508174,0.2662993572084481
508175,0.2662993572084481
508176,0.04798464491362764
508177,0.13559322033898305
508178,0.37572254335260113
508179,0.008130081300813009
508180,0.0325
508181,0.15853658536585366
508182,0.04798464491362764
508183,0.0325
508184,0.03548153511947864
508185,0.0071174377224199285
508186,0.06825938566552901
508187,0.38461538461538464
508188,0.6363636363636364
508189,0.0015151515151515152
508190,0.04798464491362764
508191,0.13559322033898305
508192,0.09142857142857143
508193,0.09887640449438202
508194,0.03548153511947864
508195,0.011098130841121495
508196,0.011098130841121495
508197,0.344139650872818
508198,0.03548153511947864
508199,0.03548153511947864
508200,0.43805309734513276
508201,0.03548153511947864
508202,0.1493670886075949
508203,0.03548153511947864
508204,0.04798464491362764
508205,0.49212598425196863
508206,0.14396887159533073
508207,0.04798464491362764
508208,0.04081632653061224
508209,0.0071174377224199285
508210,0.04081632653061224
508211,0.0071174377224199285
508212,0.04081632653061224
508213,0.0071174377224199285
508214,0.0325
508215,0.0071174377224199285
508216,0.2662993572084481
508217,0.04081632653061224
508218,0.011098130841121495
508219,0.29411764705882354
508220,0.3975409836065574
508221,0.06310679611650485
508222,0.011098130841121495
508223,0.023809523809523808
508224,0.09142857142857143
508225,0.3975409836065574
508226,0.14396887159533073
508227,0.0325
508228,0.008130081300813009
508229,0.09887640449438202
508230,0.14396887159533073
508231,0.0710172744721689
508232,0.04798464491362764
508233,0.49212598425196863
508234,0.03548153511947864
508235,0.04798464491362764
508236,0.04798464491362764
508237,0.0071174377224199285
508238,0.03296703296703297
508239,0.344139650872818
508240,0.008130081300813009
508241,0.2662993572084481
508242,0.0015151515151515152
508243,0.0325
508244,0.04798464491362764
508245,0.04798464491362764
508246,0.11844484629294756
508247,0.5757575757575758
508248,0.011098130841121495
508249,0.344139650872818
508250,0.0325
508251,0.1493670886075949
508252,0.09887640449438202
508253,0.008130081300813009
508254,0.344139650872818
508255,0.011098130841121495
508256,0.1493670886075949
508257,0.344139650872818
508258,0.09887640449438202
508259,0.23397435897435898
508260,0.3975409836065574
508261,0.008130081300813009
508262,0.0071174377224199285
508263,0.0071174377224199285
508264,0.023809523809523808
508265,0.04798464491362764
508266,0.1493670886075949
508267,0.0015151515151515152
508268,0.2662993572084481
508269,0.04081632653061224
508270,0.8064516129032258
508271,0.2662993572084481
508272,0.0028011204481792717
508273,0.04798464491362764
508274,0.023809523809523808
508275,0.09887640449438202
508276,0.03548153511947864
508277,0.023809523809523808
508278,0.1493670886075949
508279,0.04081632653061224
508280,0.8064516129032258
508281,0.2662993572084481
508282,0.13559322033898305
508283,0.1493670886075949
508284,0.11844484629294756
508285,0.14396887159533073
508286,0.11844484629294756
508287,0.1493670886075949
508288,0.2662993572084481
508289,0.03548153511947864
508290,0.09887640449438202
508291,0.03548153511947864
508292,0.18421052631578946
508293,0.04798464491362764
508294,0.0710172744721689
508295,0.03548153511947864
508296,0.5946745562130178
508297,0.11844484629294756
508298,0.11844484629294756
508299,0.1493670886075949
508300,0.03548153511947864
508301,0.06310679611650485
508302,0.04081632653061224
508303,0.02127659574468085
508304,0.5757575757575758
508305,0.0028011204481792717
508306,0.2662993572084481
508307,0.11844484629294756
508308,0.04081632653061224
508309,0.011098130841121495
508310,0.0071174377224199285
508311,0.09142857142857143
508312,0.2662993572084481
508313,0.09142857142857143
508314,0.09887640449438202
508315,0.011098130841121495
508316,0.0015151515151515152
508317,0.0071174377224199285
508318,0.008130081300813009
508319,0.0710172744721689
508320,0.04798464491362764
508321,0.0071174377224199285
508322,0.11844484629294756
508323,0.09142857142857143
508324,0.0071174377224199285
508325,0.0071174377224199285
508326,0.1493670886075949
508327,0.0071174377224199285
508328,0.04798464491362764
508329,0.0015151515151515152
508330,0.03296703296703297
508331,0.09142857142857143
508332,0.008130081300813009
508333,0.011098130841121495
508334,0.04798464491362764
508335,0.04798464491362764
508336,0.1493670886075949
508337,0.011098130841121495
508338,0.04798464491362764
508339,0.22627737226277372
508340,0.06825938566552901
508341,0.0071174377224199285
508342,0.011098130841121495
508343,0.0071174377224199285
508344,0.11844484629294756
508345,0.7222222222222222
508346,0.09142857142857143
508347,0.0071174377224199285
508348,0.04081632653061224
508349,0.2662993572084481
508350,0.09887640449438202
508351,0.03548153511947864
508352,0.2662993572084481
508353,0.03548153511947864
508354,0.256
508355,0.2662993572084481
508356,0.2662993572084481
508357,0.03548153511947864
508358,0.011098130841121495
508359,0.0071174377224199285
508360,0.5946745562130178
508361,0.0071174377224199285
508362,0.09142857142857143
508363,0.03548153511947864
508364,0.29411764705882354
508365,0.1493670886075949
508366,0.7222222222222222
508367,0.011098130841121495
508368,0.03548153511947864
508369,0.344139650872818
508370,0.0015151515151515152
508371,0.2662993572084481
508372,0.008130081300813009
508373,0.2662993572084481
508374,0.1493670886075949
508375,0.344139650872818
508376,0.344139650872818
508377,0.14396887159533073
508378,0.1493670886075949
508379,0.011098130841121495
508380,0.0710172744721689
508381,0.38461538461538464
508382,0.0071174377224199285
508383,0.03548153511947864
508384,0.03296703296703297
508385,0.0071174377224199285
508386,0.0071174377224199285
508387,0.011098130841121495
508388,0.1493670886075949
508389,0.04798464491362764
508390,0.008130081300813009
508391,0.09142857142857143
508392,0.04798464491362764
508393,0.008130081300813009
508394,0.0071174377224199285
508395,0.09142857142857143
508396,0.09887640449438202
508397,0.0071174377224199285
508398,0.0028011204481792717
508399,0.011098130841121495
508400,0.0015151515151515152
508401,0.09142857142857143
508402,0.3975409836065574
508403,0.37572254335260113
508404,0.11844484629294756
508405,0.03548153511947864
508406,0.023809523809523808
508407,0.011098130841121495
508408,0.1493670886075949
508409,0.011098130841121495
508410,0.0710172744721689
508411,0.04798464491362764
508412,0.22627737226277372
508413,0.011098130841121495
508414,0.14396887159533073
508415,0.0710172744721689
508416,0.09142857142857143
508417,0.2662993572084481
508418,0.09142857142857143
508419,0.344139650872818
508420,0.06825938566552901
508421,0.011098130841121495
508422,0.0071174377224199285
508423,0.03548153511947864
508424,0.0015151515151515152
508425,0.011098130841121495
508426,0.09887640449438202
508427,0.6582278481012658
508428,0.023809523809523808
508429,0.0071174377224199285
508430,0.011098130841121495
508431,0.11844484629294756
508432,0.2662993572084481
508433,0.0071174377224199285
508434,0.18421052631578946
508435,0.0071174377224199285
508436,0.06593406593406594
508437,0.0071174377224199285
508438,0.03548153511947864
508439,0.14396887159533073
508440,0.11844484629294756
508441,0.7222222222222222
508442,0.05263157894736842
508443,0.0071174377224199285
508444,0.011098130841121495
508445,0.0028011204481792717
508446,0.3975409836065574
508447,0.023809523809523808
508448,0.011098130841121495
508449,0.5946745562130178
508450,0.03296703296703297
508451,0.1493670886075949
508452,0.011098130841121495
508453,0.023809523809523808
508454,0.04081632653061224
508455,0.023809523809523808
508456,0.0071174377224199285
508457,0.1518987341772152
508458,0.0071174377224199285
508459,0.7222222222222222
508460,0.09142857142857143
508461,0.14396887159533073
508462,0.1493670886075949
508463,0.7222222222222222
508464,0.14396887159533073
508465,0.14396887159533073
508466,0.023809523809523808
508467,0.0325
508468,0.1493670886075949
508469,0.45614035087719296
508470,0.04798464491362764
508471,0.0071174377224199285
508472,0.008130081300813009
508473,0.0071174377224199285
508474,0.11844484629294756
508475,0.04798464491362764
508476,0.09887640449438202
508477,0.011098130841121495
508478,0.18421052631578946
508479,0.0071174377224199285
508480,0.6058823529411764
508481,0.2662993572084481
508482,0.09142857142857143
508483,0.06593406593406594
508484,0.05263157894736842
508485,0.0015151515151515152
508486,0.0071174377224199285
508487,0.04798464491362764
508488,0.011098130841121495
508489,0.03548153511947864
508490,0.09142857142857143
508491,0.5946745562130178
508492,0.0071174377224199285
508493,0.06310679611650485
508494,0.1493670886075949
508495,0.023809523809523808
508496,0.1493670886075949
508497,0.5946745562130178
508498,0.06825938566552901
508499,0.09887640449438202
508500,0.0325
508501,0.45614035087719296
508502,0.11844484629294756
508503,0.43805309734513276
508504,0.023809523809523808
508505,0.14396887159533073
508506,0.11844484629294756
508507,0.2662993572084481
508508,0.023809523809523808
508509,0.04798464491362764
508510,0.06825938566552901
508511,0.1111111111111111
508512,0.0071174377224199285
508513,0.023809523809523808
508514,0.03296703296703297
508515,0.3975409836065574
508516,0.04798464491362764
508517,0.03548153511947864
508518,0.011098130841121495
508519,0.344139650872818
508520,0.04798464491362764
508521,0.09142857142857143
508522,0.11844484629294756
508523,0.2662993572084481
508524,0.09142857142857143
508525,0.0015151515151515152
508526,0.0071174377224199285
508527,0.0710172744721689
508528,0.18461538461538463
508529,0.0071174377224199285
508530,0.23397435897435898
508531,0.06825938566552901
508532,0.011098130841121495
508533,0.011098130841121495
508534,0.11844484629294756
508535,0.1493670886075949
508536,0.0071174377224199285
508537,0.1493670886075949
508538,0.011098130841121495
508539,0.5946745562130178
508540,0.11844484629294756
508541,0.04798464491362764
508542,0.011098130841121495
508543,0.0071174377224199285
508544,0.011098130841121495
508545,0.023809523809523808
508546,0.11844484629294756
508547,0.2662993572084481
508548,0.45614035087719296
508549,0.04798464491362764
508550,0.04798464491362764
508551,0.256
508552,0.011098130841121495
508553,0.09142857142857143
508554,0.09887640449438202
508555,0.0071174377224199285
508556,0.03548153511947864
508557,0.008130081300813009
508558,0.09142857142857143
508559,0.011098130841121495
508560,0.0325
508561,0.49212598425196863
508562,0.11844484629294756
508563,0.22627737226277372
508564,0.0710172744721689
508565,0.008130081300813009
508566,0.04081632653061224
508567,0.2662993572084481
508568,0.6582278481012658
508569,0.1493670886075949
508570,0.011098130841121495
508571,0.04798464491362764
508572,0.04798464491362764
508573,0.0325
508574,0.07920792079207921
508575,0.1493670886075949
508576,0.0028011204481792717
508577,0.0071174377224199285
508578,0.008130081300813009
508579,0.03548153511947864
508580,0.0325
508581,0.2662993572084481
508582,0.45614035087719296
508583,0.06310679611650485
508584,0.0071174377224199285
508585,0.344139650872818
508586,0.04798464491362764
508587,0.023809523809523808
508588,0.1493670886075949
508589,0.09142857142857143
508590,0.0325
508591,0.18421052631578946
508592,0.04081632653061224
508593,0.03548153511947864
508594,0.04798464491362764
508595,0.2662993572084481
508596,0.0015151515151515152
508597,0.04798464491362764
508598,0.03296703296703297
508599,0.04798464491362764
508600,0.04081632653061224
508601,0.03548153511947864
508602,0.14396887159533073
508603,0.344139650872818
508604,0.03548153511947864
508605,0.09142857142857143
508606,0.0325
508607,0.18421052631578946
508608,0.008130081300813009
508609,0.011098130841121495
508610,0.04798464491362764
508611,0.04798464491362764
508612,0.49212598425196863
508613,0.0710172744721689
508614,0.008130081300813009
508615,0.09142857142857143
508616,0.04798464491362764
508617,0.0071174377224199285
508618,0.2662993572084481
508619,0.011098130841121495
508620,0.008130081300813009
508621,0.0325
508622,0.023809523809523808
508623,0.3975409836065574
508624,0.0071174377224199285
508625,0.0015151515151515152
508626,0.256
508627,0.04798464491362764
508628,0.0710172744721689
508629,0.45614035087719296
508630,0.1493670886075949
508631,0.5946745562130178
508632,0.06593406593406594
508633,0.0071174377224199285
508634,0.09142857142857143
508635,0.011098130841121495
508636,0.04081632653061224
508637,0.09142857142857143
508638,0.0710172744721689
508639,0.011098130841121495
508640,0.14396887159533073
508641,0.04081632653061224
508642,0.04798464491362764
508643,0.11844484629294756
508644,0.008130081300813009
508645,0.03296703296703297
508646,0.0071174377224199285
508647,0.344139650872818
508648,0.09887640449438202
508649,0.09142857142857143
508650,0.04798464491362764
508651,0.03548153511947864
508652,0.023809523809523808
508653,0.008130081300813009
508654,0.11844484629294756
508655,0.04798464491362764
508656,0.0071174377224199285
508657,0.11844484629294756
508658,0.11844484629294756
508659,0.011098130841121495
508660,0.2662993572084481
508661,0.09887640449438202
508662,0.03548153511947864
508663,0.03296703296703297
508664,0.11844484629294756
508665,0.09142857142857143
508666,0.2662993572084481
508667,0.22627737226277372
508668,0.011098130841121495
508669,0.11844484629294756
508670,0.0071174377224199285
508671,0.18461538461538463
508672,0.1493670886075949
508673,0.04798464491362764
508674,0.45614035087719296
508675,0.2662993572084481
508676,0.1493670886075949
508677,0.2662993572084481
508678,0.29411764705882354
508679,0.011098130841121495
508680,0.09142857142857143
508681,0.11844484629294756
508682,0.03548153511947864
508683,0.03548153511947864
508684,0.09142857142857143
508685,0.43805309734513276
508686,0.5946745562130178
508687,0.0071174377224199285
508688,0.0071174377224199285
508689,0.11844484629294756
508690,0.04081632653061224
508691,0.09142857142857143
508692,0.011098130841121495
508693,0.04798464491362764
508694,0.07920792079207921
508695,0.0015151515151515152
508696,0.04081632653061224
508697,0.06825938566552901
508698,0.11844484629294756
508699,0.008130081300813009
508700,0.09142857142857143
508701,0.1493670886075949
508702,0.0325
508703,0.06310679611650485
508704,0.0028011204481792717
508705,0.11844484629294756
508706,0.03548153511947864
508707,0.008130081300813009
508708,0.13828017231769635
508709,0.11844484629294756
508710,0.1493670886075949
508711,0.1493670886075949
508712,0.0071174377224199285
508713,0.09887640449438202
508714,0.1493670886075949
508715,0.07920792079207921
508716,0.0710172744721689
508717,0.2662993572084481
508718,0.008130081300813009
508719,0.14396887159533073
508720,0.37572254335260113
508721,0.5946745562130178
508722,0.13559322033898305
508723,0.008130081300813009
508724,0.0071174377224199285
508725,0.05263157894736842
508726,0.0071174377224199285
508727,0.344139650872818
508728,0.0028011204481792717
508729,0.03296703296703297
508730,0.0710172744721689
508731,0.15853658536585366
508732,0.49212598425196863
508733,0.04798464491362764
508734,0.008130081300813009
508735,0.04798464491362764
508736,0.06825938566552901
508737,0.09142857142857143
508738,0.0325
508739,0.011098130841121495
508740,0.04798464491362764
508741,0.6058823529411764
508742,0.49212598425196863
508743,0.2662993572084481
508744,0.1493670886075949
508745,0.22627737226277372
508746,0.1493670886075949
508747,0.344139650872818
508748,0.04081632653061224
508749,0.011098130841121495
508750,0.03548153511947864
508751,0.06825938566552901
508752,0.0028011204481792717
508753,0.0710172744721689
508754,0.0015151515151515152
508755,0.011098130841121495
508756,0.011098130841121495
508757,0.04798464491362764
508758,0.0015151515151515152
508759,0.6058823529411764
508760,0.1493670886075949
508761,0.09887640449438202
508762,0.023809523809523808
508763,0.1493670886075949
508764,0.04798464491362764
508765,0.05263157894736842
508766,0.14396887159533073
508767,0.09887640449438202
508768,0.03548153511947864
508769,0.5946745562130178
508770,0.011098130841121495
508771,0.03548153511947864
508772,0.49212598425196863
508773,0.09142857142857143
508774,0.0325
508775,0.0071174377224199285
508776,0.04798464491362764
508777,0.011098130841121495
508778,0.0071174377224199285
508779,0.23397435897435898
508780,0.0325
508781,0.023809523809523808
508782,0.04081632653061224
508783,0.06825938566552901
508784,0.03296703296703297
508785,0.023809523809523808
508786,0.3975409836065574
508787,0.0028011204481792717
508788,0.011098130841121495
508789,0.2662993572084481
508790,0.0071174377224199285
508791,0.1493670886075949
508792,0.03548153511947864
508793,0.11844484629294756
508794,0.011098130841121495
508795,0.1493670886075949
508796,0.5946745562130178
508797,0.0325
508798,0.011098130841121495
508799,0.14396887159533073
508800,0.0015151515151515152
508801,0.344139650872818
508802,0.0071174377224199285
508803,0.1493670886075949
508804,0.1493670886075949
508805,0.38461538461538464
508806,0.03548153511947864
508807,0.04798464491362764
508808,0.04798464491362764
508809,0.0071174377224199285
508810,0.04081632653061224
508811,0.2662993572084481
508812,0.09142857142857143
508813,0.0071174377224199285
508814,0.14396887159533073
508815,0.03548153511947864
508816,0.14396887159533073
508817,0.18421052631578946
508818,0.344139650872818
508819,0.3975409836065574
508820,0.023809523809523808
508821,0.0015151515151515152
508822,0.0071174377224199285
508823,0.23397435897435898
508824,0.11844484629294756
508825,0.14396887159533073
508826,0.04798464491362764
508827,0.09142857142857143
508828,0.03548153511947864
508829,0.0071174377224199285
508830,0.22627737226277372
508831,0.03548153511947864
508832,0.09887640449438202
508833,0.04798464491362764
508834,0.04798464491362764
508835,0.1493670886075949
508836,0.023809523809523808
508837,0.43805309734513276
508838,0.03548153511947864
508839,0.49212598425196863
508840,0.03548153511947864
508841,0.0071174377224199285
508842,0.11844484629294756
508843,0.1493670886075949
508844,0.011098130841121495
508845,0.0071174377224199285
508846,0.04798464491362764
508847,0.008130081300813009
508848,0.11844484629294756
508849,0.23397435897435898
508850,0.14396887159533073
508851,0.14396887159533073
508852,0.11844484629294756
508853,0.011098130841121495
508854,0.008130081300813009
508855,0.0015151515151515152
508856,0.5946745562130178
508857,0.06825938566552901
508858,0.2662993572084481
508859,0.008130081300813009
508860,0.09142857142857143
508861,0.2662993572084481
508862,0.09887640449438202
508863,0.008130081300813009
508864,0.04798464491362764
508865,0.04798464491362764
508866,0.7222222222222222
508867,0.0071174377224199285
508868,0.023809523809523808
508869,0.011098130841121495
508870,0.0015151515151515152
508871,0.04798464491362764
508872,0.6582278481012658
508873,0.2662993572084481
508874,0.04798464491362764
508875,0.5946745562130178
508876,0.14396887159533073
508877,0.023809523809523808
508878,0.256
508879,0.04798464491362764
508880,0.03548153511947864
508881,0.0028011204481792717
508882,0.1493670886075949
508883,0.1518987341772152
508884,0.0028011204481792717
508885,0.011098130841121495
508886,0.06825938566552901
508887,0.6058823529411764
508888,0.15853658536585366
508889,0.0710172744721689
508890,0.0015151515151515152
508891,0.04081632653061224
508892,0.49212598425196863
508893,0.04798464491362764
508894,0.0325
508895,0.09887640449438202
508896,0.011098130841121495
508897,0.5946745562130178
508898,0.04798464491362764
508899,0.07920792079207921
508900,0.0028011204481792717
508901,0.2662993572084481
508902,0.0071174377224199285
508903,0.011098130841121495
508904,0.8888888888888888
508905,0.23397435897435898
508906,0.011098130841121495
508907,0.03296703296703297
508908,0.14396887159533073
508909,0.09887640449438202
508910,0.43805309734513276
508911,0.1518987341772152
508912,0.1493670886075949
508913,0.09007041441997653
508914,0.0015151515151515152
508915,0.1493670886075949
508916,0.2662993572084481
508917,0.22627737226277372
508918,0.023809523809523808
508919,0.04081632653061224
508920,0.0071174377224199285
508921,0.09142857142857143
508922,0.1493670886075949
508923,0.0071174377224199285
508924,0.0071174377224199285
508925,0.04798464491362764
508926,0.11844484629294756
508927,0.344139650872818
508928,0.2662993572084481
508929,0.04798464491362764
508930,0.11844484629294756
508931,0.2662993572084481
508932,0.03548153511947864
508933,0.49212598425196863
508934,0.04798464491362764
508935,0.0325
508936,0.0071174377224199285
508937,0.2662993572084481
508938,0.09142857142857143
508939,0.011098130841121495
508940,0.07920792079207921
508941,0.3975409836065574
508942,0.0325
508943,0.03548153511947864
508944,0.011098130841121495
508945,0.09142857142857143
508946,0.7222222222222222
508947,0.011098130841121495
508948,0.5757575757575758
508949,0.0071174377224199285
508950,0.11844484629294756
508951,0.3975409836065574
508952,0.0710172744721689
508953,0.11844484629294756
508954,0.06310679611650485
508955,0.344139650872818
508956,0.0710172744721689
508957,0.04798464491362764
508958,0.0071174377224199285
508959,0.0071174377224199285
508960,0.11844484629294756
508961,0.344139650872818
508962,0.04798464491362764
508963,0.11844484629294756
508964,0.09887640449438202
508965,0.0015151515151515152
508966,0.18421052631578946
508967,0.06310679611650485
508968,0.5757575757575758
508969,0.2662993572084481
508970,0.0071174377224199285
508971,0.2662993572084481
508972,0.0071174377224199285
508973,0.6058823529411764
508974,0.06310679611650485
508975,0.0071174377224199285
508976,0.11844484629294756
508977,0.2662993572084481
508978,0.06593406593406594
508979,0.09142857142857143
508980,0.15853658536585366
508981,0.0325
508982,0.0325
508983,0.256
508984,0.04798464491362764
508985,0.09142857142857143
508986,0.1493670886075949
508987,0.5946745562130178
508988,0.11844484629294756
508989,0.008130081300813009
508990,0.0071174377224199285
508991,0.0015151515151515152
508992,0.0710172744721689
508993,0.0325
508994,0.0071174377224199285
508995,0.011098130841121495
508996,0.14396887159533073
508997,0.03548153511947864
508998,0.6058823529411764
508999,0.5757575757575758
509000,0.0710172744721689
509001,0.0710172744721689
509002,0.11844484629294756
509003,0.0325
509004,0.11844484629294756
509005,0.2662993572084481
509006,0.09142857142857143
509007,0.03548153511947864
509008,0.0071174377224199285
509009,0.023809523809523808
509010,0.344139650872818
509011,0.0015151515151515152
509012,0.38461538461538464
509013,0.2662993572084481
509014,0.0710172744721689
509015,0.2662993572084481
509016,0.1493670886075949
509017,0.14396887159533073
509018,0.0015151515151515152
509019,0.344139650872818
509020,0.0071174377224199285
509021,0.37572254335260113
509022,0.2662993572084481
509023,0.344139650872818
509024,0.09142857142857143
509025,0.06310679611650485
509026,0.11844484629294756
509027,0.02127659574468085
509028,0.03548153511947864
509029,0.06593406593406594
509030,0.14396887159533073
509031,0.09887640449438202
509032,0.11844484629294756
509033,0.0821917808219178
509034,0.09887640449438202
509035,0.02127659574468085
509036,0.09142857142857143
509037,0.11844484629294756
509038,0.2662993572084481
509039,0.011098130841121495
509040,0.0325
509041,0.023809523809523808
509042,0.5946745562130178
509043,0.1493670886075949
509044,0.04798464491362764
509045,0.0028011204481792717
509046,0.011098130841121495
509047,0.0325
509048,0.0071174377224199285
509049,0.11844484629294756
509050,0.06825938566552901
509051,0.03548153511947864
509052,0.03548153511947864
509053,0.0710172744721689
509054,0.0015151515151515152
509055,0.0071174377224199285
509056,0.3975409836065574
509057,0.04798464491362764
509058,0.04798464491362764
509059,0.0710172744721689
509060,0.2662993572084481
509061,0.04081632653061224
509062,0.011098130841121495
509063,0.011098130841121495
509064,0.5946745562130178
509065,0.11844484629294756
509066,0.04798464491362764
509067,0.29411764705882354
509068,0.15853658536585366
509069,0.09887640449438202
509070,0.0710172744721689
509071,0.1493670886075949
509072,0.09142857142857143
509073,0.011098130841121495
509074,0.2662993572084481
509075,0.05263157894736842
509076,0.1493670886075949
509077,0.008130081300813009
509078,0.344139650872818
509079,0.09887640449438202
509080,0.09887640449438202
509081,0.09887640449438202
509082,0.09142857142857143
509083,0.14396887159533073
509084,0.5946745562130178
509085,0.11844484629294756
509086,0.09142857142857143
509087,0.023809523809523808
509088,0.04798464491362764
509089,0.22627737226277372
509090,0.05263157894736842
509091,0.04798464491362764
509092,0.04798464491362764
509093,0.49212598425196863
509094,0.04798464491362764
509095,0.011098130841121495
509096,0.011098130841121495
509097,0.11844484629294756
509098,0.22627737226277372
509099,0.0710172744721689
509100,0.03548153511947864
509101,0.0325
509102,0.04798464491362764
509103,0.03548153511947864
509104,0.06310679611650485
509105,0.0071174377224199285
509106,0.09142857142857143
509107,0.14396887159533073
509108,0.3975409836065574
509109,0.7222222222222222
509110,0.04798464491362764
509111,0.0710172744721689
509112,0.008130081300813009
509113,0.09142857142857143
509114,0.2662993572084481
509115,0.011098130841121495
509116,0.03548153511947864
509117,0.03548153511947864
509118,0.03548153511947864
509119,0.29411764705882354
509120,0.43805309734513276
509121,0.09887640449438202
509122,0.09887640449438202
509123,0.09887640449438202
509124,0.2662993572084481
509125,0.0071174377224199285
509126,0.0071174377224199285
509127,0.03548153511947864
509128,0.15853658536585366
509129,0.04798464491362764
509130,0.03548153511947864
509131,0.09142857142857143
509132,0.05263157894736842
509133,0.06825938566552901
509134,0.011098130841121495
509135,0.011098130841121495
509136,0.04798464491362764
509137,0.008130081300813009
509138,0.0821917808219178
509139,0.04798464491362764
509140,0.2662993572084481
509141,0.0071174377224199285
509142,0.03548153511947864
509143,0.03548153511947864
509144,0.008130081300813009
509145,0.09887640449438202
509146,0.04798464491362764
509147,0.008130081300813009
509148,0.2662993572084481
509149,0.023809523809523808
509150,0.3975409836065574
509151,0.04798464491362764
509152,0.09142857142857143
509153,0.0015151515151515152
509154,0.008130081300813009
509155,0.03548153511947864
509156,0.5946745562130178
509157,0.04798464491362764
509158,0.11844484629294756
509159,0.0015151515151515152
509160,0.2662993572084481
509161,0.0028011204481792717
509162,0.03548153511947864
509163,0.04081632653061224
509164,0.1493670886075949
509165,0.09887640449438202
509166,0.0071174377224199285
509167,0.2662993572084481
509168,0.0325
509169,0.344139650872818
509170,0.0015151515151515152
509171,0.011098130841121495
509172,0.011098130841121495
509173,0.49212598425196863
509174,0.18421052631578946
509175,0.344139650872818
509176,0.1493670886075949
509177,0.1493670886075949
509178,0.09142857142857143
509179,0.2662993572084481
509180,0.14396887159533073
509181,0.29411764705882354
509182,0.06825938566552901
509183,0.09142857142857143
509184,0.011098130841121495
509185,0.09887640449438202
509186,0.11844484629294756
509187,0.2662993572084481
509188,0.29411764705882354
509189,0.0710172744721689
509190,0.0710172744721689
509191,0.04798464491362764
509192,0.03548153511947864
509193,0.03548153511947864
509194,0.03548153511947864
509195,0.0710172744721689
509196,0.0325
509197,0.03548153511947864
509198,0.04798464491362764
509199,0.2662993572084481
509200,0.2662993572084481
509201,0.04798464491362764
509202,0.0015151515151515152
509203,0.02127659574468085
509204,0.2662993572084481
509205,0.37572254335260113
509206,0.04798464491362764
509207,0.256
509208,0.0028011204481792717
509209,0.03548153511947864
509210,0.09887640449438202
509211,0.2662993572084481
509212,0.29411764705882354
509213,0.008130081300813009
509214,0.1493670886075949
509215,0.15853658536585366
509216,0.03296703296703297
509217,0.04798464491362764
509218,0.04081632653061224
509219,0.011098130841121495
509220,0.0015151515151515152
509221,0.5946745562130178
509222,0.04798464491362764
509223,0.09142857142857143
509224,0.0325
509225,0.02127659574468085
509226,0.14396887159533073
509227,0.2662993572084481
509228,0.2662993572084481
509229,0.09142857142857143
509230,0.09887640449438202
509231,0.0071174377224199285
509232,0.09887640449438202
509233,0.011098130841121495
509234,0.023809523809523808
509235,0.6058823529411764
509236,0.011098130841121495
509237,0.43805309734513276
509238,0.09142857142857143
509239,0.11844484629294756
509240,0.04798464491362764
509241,0.011098130841121495
509242,0.2662993572084481
509243,0.23397435897435898
509244,0.03548153511947864
509245,0.49212598425196863
509246,0.03548153511947864
509247,0.256
509248,0.0071174377224199285
509249,0.09142857142857143
509250,0.06310679611650485
509251,0.11844484629294756
509252,0.0071174377224199285
509253,0.02127659574468085
509254,0.0071174377224199285
509255,0.11844484629294756
509256,0.29411764705882354
509257,0.1493670886075949
509258,0.008130081300813009
509259,0.49212598425196863
509260,0.03548153511947864
509261,0.04798464491362764
509262,0.03548153511947864
509263,0.11844484629294756
509264,0.0325
509265,0.0071174377224199285
509266,0.04798464491362764
509267,0.6582278481012658
509268,0.0325
509269,0.2662993572084481
509270,0.023809523809523808
509271,0.5946745562130178
509272,0.2662993572084481
509273,0.0821917808219178
509274,0.0071174377224199285
509275,0.344139650872818
509276,0.2662993572084481
509277,0.2662993572084481
509278,0.11844484629294756
509279,0.011098130841121495
509280,0.04081632653061224
509281,0.8064516129032258
509282,0.03548153511947864
509283,0.06825938566552901
509284,0.09887640449438202
509285,0.09887640449438202
509286,0.03548153511947864
509287,0.09887640449438202
509288,0.03548153511947864
509289,0.2662993572084481
509290,0.09142857142857143
509291,0.09142857142857143
509292,0.344139650872818
509293,0.0071174377224199285
509294,0.11844484629294756
509295,0.0071174377224199285
509296,0.0071174377224199285
509297,0.03548153511947864
509298,0.0028011204481792717
509299,0.3975409836065574
509300,0.0325
509301,0.0071174377224199285
509302,0.02127659574468085
509303,0.06310679611650485
509304,0.023809523809523808
509305,0.06825938566552901
509306,0.1493670886075949
509307,0.09887640449438202
509308,0.0325
509309,0.37572254335260113
509310,0.03548153511947864
509311,0.03548153511947864
509312,0.04081632653061224
509313,0.04798464491362764
509314,0.011098130841121495
509315,0.0325
509316,0.23397435897435898
509317,0.0325
509318,0.0325
509319,0.0071174377224199285
509320,0.0071174377224199285
509321,0.03296703296703297
509322,0.03548153511947864
509323,0.49212598425196863
509324,0.09142857142857143
509325,0.0028011204481792717
509326,0.09142857142857143
509327,0.09142857142857143
509328,0.0821917808219178
509329,0.008130081300813009
509330,0.11844484629294756
509331,0.023809523809523808
509332,0.05263157894736842
509333,0.04798464491362764
509334,0.6058823529411764
509335,0.04798464491362764
509336,0.011098130841121495
509337,0.1493670886075949
509338,0.29411764705882354
509339,0.14396887159533073
509340,0.09142857142857143
509341,0.09142857142857143
509342,0.2662993572084481
509343,0.008130081300813009
509344,0.0821917808219178
509345,0.2662993572084481
509346,0.04798464491362764
509347,0.14396887159533073
509348,0.49212598425196863
509349,0.0821917808219178
509350,0.03548153511947864
509351,0.43805309734513276
509352,0.23397435897435898
509353,0.0071174377224199285
509354,0.5946745562130178
509355,0.2662993572084481
509356,0.22627737226277372
509357,0.0028011204481792717
509358,0.37572254335260113
509359,0.03548153511947864
509360,0.023809523809523808
509361,0.1493670886075949
509362,0.03548153511947864
509363,0.023809523809523808
509364,0.11844484629294756
509365,0.03548153511947864
509366,0.256
509367,0.0325
509368,0.008130081300813009
509369,0.04798464491362764
509370,0.0015151515151515152
509371,0.011098130841121495
509372,0.0015151515151515152
509373,0.2662993572084481
509374,0.06593406593406594
509375,0.11844484629294756
509376,0.06825938566552901
509377,0.03548153511947864
509378,0.1493670886075949
509379,0.04081632653061224
509380,0.11844484629294756
509381,0.011098130841121495
509382,0.03296703296703297
509383,0.0015151515151515152
509384,0.11844484629294756
509385,0.011098130841121495
509386,0.011098130841121495
509387,0.03548153511947864
509388,0.04081632653061224
509389,0.22627737226277372
509390,0.0071174377224199285
509391,0.023809523809523808
509392,0.1493670886075949
509393,0.29411764705882354
509394,0.0071174377224199285
509395,0.2662993572084481
509396,0.011098130841121495
509397,0.03548153511947864
509398,0.04798464491362764
509399,0.18421052631578946
509400,0.04798464491362764
509401,0.011098130841121495
509402,0.15853658536585366
509403,0.1493670886075949
509404,0.1493670886075949
509405,0.0325
509406,0.1493670886075949
509407,0.23397435897435898
509408,0.0710172744721689
509409,0.1493670886075949
509410,0.5946745562130178
509411,0.344139650872818
509412,0.04081632653061224
509413,0.2662993572084481
509414,0.1577661364499025
509415,0.11844484629294756
509416,0.0015151515151515152
509417,0.11844484629294756
509418,0.2662993572084481
509419,0.23397435897435898
509420,0.344139650872818
509421,0.06310679611650485
509422,0.008130081300813009
509423,0.2662993572084481
509424,0.09142857142857143
509425,0.011098130841121495
509426,0.06310679611650485
509427,0.1493670886075949
509428,0.09142857142857143
509429,0.09142857142857143
509430,0.38461538461538464
509431,0.1493670886075949
509432,0.011098130841121495
509433,0.344139650872818
509434,0.0325
509435,0.09887640449438202
509436,0.3103448275862069
509437,0.2662993572084481
509438,0.0071174377224199285
509439,0.23397435897435898
509440,0.6058823529411764
509441,0.11844484629294756
509442,0.11844484629294756
509443,0.011098130841121495
509444,0.011098130841121495
509445,0.06825938566552901
509446,0.011098130841121495
509447,0.06310679611650485
509448,0.0071174377224199285
509449,0.04798464491362764
509450,0.45614035087719296
509451,0.6582278481012658
509452,0.008130081300813009
509453,0.0071174377224199285
509454,0.256
509455,0.43805309734513276
509456,0.03548153511947864
509457,0.06825938566552901
509458,0.6058823529411764
509459,0.11844484629294756
509460,0.04798464491362764
509461,0.011098130841121495
509462,0.09142857142857143
509463,0.5946745562130178
509464,0.0028011204481792717
509465,0.0071174377224199285
509466,0.23397435897435898
509467,0.008130081300813009
509468,0.13559322033898305
509469,0.04798464491362764
509470,0.15853658536585366
509471,0.09887640449438202
509472,0.5946745562130178
509473,0.11844484629294756
509474,0.0071174377224199285
509475,0.09142857142857143
509476,0.09142857142857143
509477,0.03548153511947864
509478,0.008130081300813009
509479,0.03548153511947864
509480,0.15853658536585366
509481,0.09142857142857143
509482,0.2662993572084481
509483,0.09887640449438202
509484,0.18421052631578946
509485,0.008130081300813009
509486,0.03296703296703297
509487,0.0071174377224199285
509488,0.06593406593406594
509489,0.11844484629294756
509490,0.5946745562130178
509491,0.1493670886075949
509492,0.06825938566552901
509493,0.023809523809523808
509494,0.3975409836065574
509495,0.14396887159533073
509496,0.03548153511947864
509497,0.0325
509498,0.0071174377224199285
509499,0.0015151515151515152
509500,0.09142857142857143
509501,0.0071174377224199285
509502,0.03548153511947864
509503,0.2662993572084481
509504,0.0710172744721689
509505,0.0028011204481792717
509506,0.18421052631578946
509507,0.008130081300813009
509508,0.344139650872818
509509,0.06825938566552901
509510,0.0071174377224199285
509511,0.2662993572084481
509512,0.03548153511947864
509513,0.011098130841121495
509514,0.0071174377224199285
509515,0.5946745562130178
509516,0.09887640449438202
509517,0.09142857142857143
509518,0.344139650872818
509519,0.04798464491362764
509520,0.09887640449438202
509521,0.1518987341772152
509522,0.02127659574468085
509523,0.0015151515151515152
509524,0.05263157894736842
509525,0.6058823529411764
509526,0.03548153511947864
509527,0.09887640449438202
509528,0.2662993572084481
509529,0.09887640449438202
509530,0.011098130841121495
509531,0.1493670886075949
509532,0.06825938566552901
509533,0.04798464491362764
509534,0.0071174377224199285
509535,0.03548153511947864
509536,0.09142857142857143
509537,0.14396887159533073
509538,0.023809523809523808
509539,0.011098130841121495
509540,0.11844484629294756
509541,0.23397435897435898
509542,0.256
509543,0.1493670886075949
509544,0.04798464491362764
509545,0.04798464491362764
509546,0.04798464491362764
509547,0.023809523809523808
509548,0.09887640449438202
509549,0.49212598425196863
509550,0.011098130841121495
509551,0.2662993572084481
509552,0.09887640449438202
509553,0.04081632653061224
509554,0.023809523809523808
509555,0.2662993572084481
509556,0.8064516129032258
509557,0.2662993572084481
509558,0.15853658536585366
509559,0.43805309734513276
509560,0.11844484629294756
509561,0.06593406593406594
509562,0.11844484629294756
509563,0.0071174377224199285
509564,0.04798464491362764
509565,0.5946745562130178
509566,0.0071174377224199285
509567,0.0015151515151515152
509568,0.14396887159533073
509569,0.011098130841121495
509570,0.0071174377224199285
509571,0.0710172744721689
509572,0.11844484629294756
509573,0.04798464491362764
509574,0.7222222222222222
509575,0.04081632653061224
509576,0.04798464491362764
509577,0.1493670886075949
509578,0.011098130841121495
509579,0.11844484629294756
509580,0.11844484629294756
509581,0.04081632653061224
509582,0.03296703296703297
509583,0.023809523809523808
509584,0.49212598425196863
509585,0.8888888888888888
509586,0.008130081300813009
509587,0.011098130841121495
509588,0.1493670886075949
509589,0.344139650872818
509590,0.1493670886075949
509591,0.3975409836065574
509592,0.2662993572084481
509593,0.011098130841121495
509594,0.023809523809523808
509595,0.011098130841121495
509596,0.0325
509597,0.011098130841121495
509598,0.011098130841121495
509599,0.2662993572084481
509600,0.011098130841121495
509601,0.0710172744721689
509602,0.2662993572084481
509603,0.37572254335260113
509604,0.6058823529411764
509605,0.23397435897435898
509606,0.09887640449438202
509607,0.09887640449438202
509608,0.04798464491362764
509609,0.5946745562130178
509610,0.23397435897435898
509611,0.0071174377224199285
509612,0.09887640449438202
509613,0.5946745562130178
509614,0.04081632653061224
509615,0.1493670886075949
509616,0.1493670886075949
509617,0.29411764705882354
509618,0.0071174377224199285
509619,0.09887640449438202
509620,0.1493670886075949
509621,0.09142857142857143
509622,0.29411764705882354
509623,0.0071174377224199285
509624,0.0071174377224199285
509625,0.06825938566552901
509626,0.011098130841121495
509627,0.06310679611650485
509628,0.49212598425196863
509629,0.06310679611650485
509630,0.03548153511947864
509631,0.04798464491362764
509632,0.1493670886075949
509633,0.008130081300813009
509634,0.11844484629294756
509635,0.14396887159533073
509636,0.008130081300813009
509637,0.03548153511947864
509638,0.2662993572084481
509639,0.256
509640,0.011098130841121495
509641,0.03548153511947864
509642,0.04798464491362764
509643,0.04798464491362764
509644,0.09887640449438202
509645,0.04081632653061224
509646,0.0071174377224199285
509647,0.0710172744721689
509648,0.03548153511947864
509649,0.1493670886075949
509650,0.0015151515151515152
509651,0.07920792079207921
509652,0.03548153511947864
509653,0.344139650872818
509654,0.09887640449438202
509655,0.04798464491362764
509656,0.0071174377224199285
509657,0.04798464491362764
509658,0.2662993572084481
509659,0.43805309734513276
509660,0.04081632653061224
509661,0.14396887159533073
509662,0.0325
509663,0.0071174377224199285
509664,0.03548153511947864
509665,0.0325
509666,0.1493670886075949
509667,0.04798464491362764
509668,0.04081632653061224
509669,0.09887640449438202
509670,0.0015151515151515152
509671,0.5946745562130178
509672,0.011098130841121495
509673,0.0028011204481792717
509674,0.14396887159533073
509675,0.008130081300813009
509676,0.18421052631578946
509677,0.09142857142857143
509678,0.09142857142857143
509679,0.1518987341772152
509680,0.0325
509681,0.14396887159533073
509682,0.14396887159533073
509683,0.2662993572084481
509684,0.0028011204481792717
509685,0.09887640449438202
509686,0.13559322033898305
509687,0.0710172744721689
509688,0.11844484629294756
509689,0.14396887159533073
509690,0.14396887159533073
509691,0.008130081300813009
509692,0.1493670886075949
509693,0.05263157894736842
509694,0.1493670886075949
509695,0.09142857142857143
509696,0.5946745562130178
509697,0.1493670886075949
509698,0.29411764705882354
509699,0.0071174377224199285
509700,0.04798464491362764
509701,0.06825938566552901
509702,0.3975409836065574
509703,0.11844484629294756
509704,0.11844484629294756
509705,0.0071174377224199285
509706,0.0710172744721689
509707,0.03548153511947864
509708,0.04798464491362764
509709,0.008130081300813009
509710,0.03296703296703297
509711,0.023809523809523808
509712,0.09887640449438202
509713,0.09142857142857143
509714,0.344139650872818
509715,0.3975409836065574
509716,0.03548153511947864
509717,0.5946745562130178
509718,0.49212598425196863
509719,0.011098130841121495
509720,0.09142857142857143
509721,0.0325
509722,0.11844484629294756
509723,0.03548153511947864
509724,0.18421052631578946
509725,0.6582278481012658
509726,0.1493670886075949
509727,0.11844484629294756
509728,0.04798464491362764
509729,0.04798464491362764
509730,0.0071174377224199285
509731,0.0710172744721689
509732,0.09887640449438202
509733,0.1493670886075949
509734,0.011098130841121495
509735,0.023809523809523808
509736,0.008130081300813009
509737,0.15853658536585366
509738,0.03296703296703297
509739,0.1493670886075949
509740,0.5946745562130178
509741,0.0325
509742,0.43805309734513276
509743,0.37572254335260113
509744,0.04798464491362764
509745,0.22627737226277372
509746,0.0071174377224199285
509747,0.15853658536585366
509748,0.03548153511947864
509749,0.008130081300813009
509750,0.256
509751,0.0710172744721689
509752,0.0071174377224199285
509753,0.1493670886075949
509754,0.09142857142857143
509755,0.04081632653061224
509756,0.23397435897435898
509757,0.09887640449438202
509758,0.07920792079207921
509759,0.1493670886075949
509760,0.03548153511947864
509761,0.11844484629294756
509762,0.3975409836065574
509763,0.09142857142857143
509764,0.2662993572084481
509765,0.03548153511947864
509766,0.023809523809523808
509767,0.04798464491362764
509768,0.11844484629294756
509769,0.2662993572084481
509770,0.09887640449438202
509771,0.2662993572084481
509772,0.04798464491362764
509773,0.1493670886075949
509774,0.011098130841121495
509775,0.011098130841121495
509776,0.0028011204481792717
509777,0.5946745562130178
509778,0.2662993572084481
509779,0.11844484629294756
509780,0.09142857142857143
509781,0.04798464491362764
509782,0.3975409836065574
509783,0.11844484629294756
509784,0.04798464491362764
509785,0.06310679611650485
509786,0.09142857142857143
509787,0.023809523809523808
509788,0.008130081300813009
509789,0.43805309734513276
509790,0.02127659574468085
509791,0.0325
509792,0.03548153511947864
509793,0.23397435897435898
509794,0.5946745562130178
509795,0.04081632653061224
509796,0.0325
509797,0.04798464491362764
509798,0.011098130841121495
509799,0.0028011204481792717
509800,0.14396887159533073
509801,0.03548153511947864
509802,0.344139650872818
509803,0.0325
509804,0.04798464491362764
509805,0.0071174377224199285
509806,0.0071174377224199285
509807,0.43805309734513276
509808,0.03548153511947864
509809,0.04798464491362764
509810,0.13559322033898305
509811,0.0071174377224199285
509812,0.09142857142857143
509813,0.04798464491362764
509814,0.011098130841121495
509815,0.03548153511947864
509816,0.03548153511947864
509817,0.23397435897435898
509818,0.0071174377224199285
509819,0.5946745562130178
509820,0.011098130841121495
509821,0.43805309734513276
509822,0.03548153511947864
509823,0.256
509824,0.0710172744721689
509825,0.04798464491362764
509826,0.1493670886075949
509827,0.2662993572084481
509828,0.03296703296703297
509829,0.03548153511947864
509830,0.06825938566552901
509831,0.23397435897435898
509832,0.11844484629294756
509833,0.0710172744721689
509834,0.04798464491362764
509835,0.1518987341772152
509836,0.011098130841121495
509837,0.15853658536585366
509838,0.5946745562130178
509839,0.2662993572084481
509840,0.011098130841121495
509841,0.23397435897435898
509842,0.11844484629294756
509843,0.0071174377224199285
509844,0.2662993572084481
509845,0.03548153511947864
509846,0.5946745562130178
509847,0.37572254335260113
509848,0.0015151515151515152
509849,0.8064516129032258
509850,0.011098130841121495
509851,0.0071174377224199285
509852,0.14396887159533073
509853,0.09887640449438202
509854,0.1493670886075949
509855,0.11844484629294756
509856,0.2662993572084481
509857,0.023809523809523808
509858,0.14396887159533073
509859,0.344139650872818
509860,0.09142857142857143
509861,0.03548153511947864
509862,0.0821917808219178
509863,0.0710172744721689
509864,0.011098130841121495
509865,0.5946745562130178
509866,0.7222222222222222
509867,0.0071174377224199285
509868,0.011098130841121495
509869,0.03548153511947864
509870,0.0071174377224199285
509871,0.37572254335260113
509872,0.0325
509873,0.0015151515151515152
509874,0.11844484629294756
509875,0.09887640449438202
509876,0.011098130841121495
509877,0.0325
509878,0.14396887159533073
509879,0.011098130841121495
509880,0.3103448275862069
509881,0.0071174377224199285
509882,0.2662993572084481
509883,0.0710172744721689
509884,0.04798464491362764
509885,0.0071174377224199285
509886,0.13559322033898305
509887,0.03296703296703297
509888,0.5757575757575758
509889,0.11844484629294756
509890,0.04798464491362764
509891,0.03548153511947864
509892,0.1493670886075949
509893,0.0015151515151515152
509894,0.18461538461538463
509895,0.0071174377224199285
509896,0.09142857142857143
509897,0.6058823529411764
509898,0.0015151515151515152
509899,0.14396887159533073
509900,0.6582278481012658
509901,0.37572254335260113
509902,0.0071174377224199285
509903,0.023809523809523808
509904,0.04798464491362764
509905,0.09887640449438202
509906,0.0325
509907,0.1493670886075949
509908,0.0821917808219178
509909,0.06593406593406594
509910,0.04798464491362764
509911,0.011098130841121495
509912,0.2662993572084481
509913,0.5757575757575758
509914,0.09142857142857143
509915,0.5946745562130178
509916,0.04798464491362764
509917,0.03296703296703297
509918,0.03296703296703297
509919,0.009885130408706849
509920,0.09142857142857143
509921,0.04798464491362764
509922,0.09142857142857143
509923,0.0071174377224199285
509924,0.344139650872818
509925,0.0071174377224199285
509926,0.09142857142857143
509927,0.04081632653061224
509928,0.49212598425196863
509929,0.04798464491362764
509930,0.2662993572084481
509931,0.07920792079207921
509932,0.1493670886075949
509933,0.11844484629294756
509934,0.008130081300813009
509935,0.0071174377224199285
509936,0.03548153511947864
509937,0.3975409836065574
509938,0.14396887159533073
509939,0.1493670886075949
509940,0.0071174377224199285
509941,0.11844484629294756
509942,0.07920792079207921
509943,0.0015151515151515152
509944,0.0015151515151515152
509945,0.008130081300813009
509946,0.0071174377224199285
509947,0.0325
509948,0.344139650872818
509949,0.03548153511947864
509950,0.1493670886075949
509951,0.1493670886075949
509952,0.344139650872818
509953,0.09887640449438202
509954,0.04798464491362764
509955,0.09142857142857143
509956,0.2662993572084481
509957,0.344139650872818
509958,0.09887640449438202
509959,0.03296703296703297
509960,0.011098130841121495
509961,0.09887640449438202
509962,0.29411764705882354
509963,0.0710172744721689
509964,0.0071174377224199285
509965,0.22627737226277372
509966,0.09887640449438202
509967,0.1493670886075949
509968,0.0015151515151515152
509969,0.14396887159533073
509970,0.1493670886075949
509971,0.0015151515151515152
509972,0.1493670886075949
509973,0.3975409836065574
509974,0.344139650872818
509975,0.04798464491362764
509976,0.3975409836065574
509977,0.344139650872818
509978,0.011098130841121495
509979,0.0710172744721689
509980,0.2662993572084481
509981,0.344139650872818
509982,0.14396887159533073
509983,0.04798464491362764
509984,0.5946745562130178
509985,0.3975409836065574
509986,0.011098130841121495
509987,0.09887640449438202
509988,0.03548153511947864
509989,0.6058823529411764
509990,0.04081632653061224
509991,0.0015151515151515152
509992,0.15853658536585366
509993,0.09887640449438202
509994,0.011098130841121495
509995,0.03548153511947864
509996,0.09887640449438202
509997,0.06310679611650485
509998,0.22627737226277372
509999,0.0015151515151515152
510000,0.344139650872818
510001,0.011098130841121495
510002,0.0015151515151515152
510003,0.0710172744721689
510004,0.11844484629294756
510005,0.23397435897435898
510006,0.22627737226277372
510007,0.09142857142857143
510008,0.011098130841121495
510009,0.023809523809523808
510010,0.0325
510011,0.0071174377224199285
510012,0.11844484629294756
510013,0.15853658536585366
510014,0.03548153511947864
510015,0.0071174377224199285
510016,0.11844484629294756
510017,0.023809523809523808
510018,0.09887640449438202
510019,0.0028011204481792717
510020,0.0015151515151515152
510021,0.011098130841121495
510022,0.1518987341772152
510023,0.09887640449438202
510024,0.011098130841121495
510025,0.15853658536585366
510026,0.0028011204481792717
510027,0.03548153511947864
510028,0.03548153511947864
510029,0.0015151515151515152
510030,0.04798464491362764
510031,0.15853658536585366
510032,0.0015151515151515152
510033,0.09887640449438202
510034,0.03548153511947864
510035,0.011098130841121495
510036,0.0325
510037,0.0821917808219178
510038,0.06310679611650485
510039,0.04798464491362764
510040,0.5946745562130178
510041,0.23397435897435898
510042,0.7222222222222222
510043,0.03548153511947864
510044,0.0071174377224199285
510045,0.09142857142857143
510046,0.5946745562130178
510047,0.0015151515151515152
510048,0.11844484629294756
510049,0.04798464491362764
510050,0.0071174377224199285
510051,0.49212598425196863
510052,0.11844484629294756
510053,0.11844484629294756
510054,0.03296703296703297
510055,0.09142857142857143
510056,0.1493670886075949
510057,0.0325
510058,0.14396887159533073
510059,0.11844484629294756
510060,0.011098130841121495
510061,0.7222222222222222
510062,0.2662993572084481
510063,0.011098130841121495
510064,0.11844484629294756
510065,0.7222222222222222
510066,0.3975409836065574
510067,0.8064516129032258
510068,0.04081632653061224
510069,0.0071174377224199285
510070,0.011098130841121495
510071,0.011098130841121495
510072,0.011098130841121495
510073,0.04081632653061224
510074,0.06825938566552901
510075,0.09142857142857143
510076,0.6058823529411764
510077,0.20763818411961524
510078,0.2662993572084481
510079,0.49212598425196863
510080,0.0325
510081,0.008130081300813009
510082,0.1493670886075949
510083,0.2662993572084481
510084,0.09887640449438202
510085,0.06310679611650485
510086,0.0028011204481792717
510087,0.0071174377224199285
510088,0.008130081300813009
510089,0.11844484629294756
510090,0.1493670886075949
510091,0.11844484629294756
510092,0.0071174377224199285
510093,0.1493670886075949
510094,0.09887640449438202
510095,0.04798464491362764
510096,0.09887640449438202
510097,0.09142857142857143
510098,0.11844484629294756
510099,0.0071174377224199285
510100,0.0071174377224199285
510101,0.23397435897435898
510102,0.04081632653061224
510103,0.0071174377224199285
510104,0.8888888888888888
510105,0.0015151515151515152
510106,0.023809523809523808
510107,0.008130081300813009
510108,0.2662993572084481
510109,0.04081632653061224
510110,0.03548153511947864
510111,0.0325
510112,0.03548153511947864
510113,0.1493670886075949
510114,0.023809523809523808
510115,0.03296703296703297
510116,0.06310679611650485
510117,0.04081632653061224
510118,0.04798464491362764
510119,0.11844484629294756
510120,0.0071174377224199285
510121,0.5946745562130178
510122,0.8888888888888888
510123,0.1493670886075949
510124,0.11844484629294756
510125,0.09142857142857143
510126,0.06825938566552901
510127,0.0071174377224199285
510128,0.04798464491362764
510129,0.11844484629294756
510130,0.6582278481012658
510131,0.04081632653061224
510132,0.04798464491362764
510133,0.06310679611650485
510134,0.09887640449438202
510135,0.0015151515151515152
510136,0.04798464491362764
510137,0.1493670886075949
510138,0.09887640449438202
510139,0.5757575757575758
510140,0.11844484629294756
510141,0.1493670886075949
510142,0.0710172744721689
510143,0.0015151515151515152
510144,0.011098130841121495
510145,0.09142857142857143
510146,0.15853658536585366
510147,0.0071174377224199285
510148,0.011098130841121495
510149,0.15853658536585366
510150,0.1493670886075949
510151,0.1518987341772152
510152,0.344139650872818
510153,0.03548153511947864
510154,0.18421052631578946
510155,0.04081632653061224
510156,0.344139650872818
510157,0.06825938566552901
510158,0.2662993572084481
510159,0.03548153511947864
510160,0.256
510161,0.0071174377224199285
510162,0.6058823529411764
510163,0.0015151515151515152
510164,0.1493670886075949
510165,0.011098130841121495
510166,0.09142857142857143
510167,0.0015151515151515152
510168,0.2662993572084481
510169,0.0710172744721689
510170,0.03296703296703297
510171,0.09142857142857143
510172,0.04798464491362764
510173,0.2662993572084481
510174,0.0015151515151515152
510175,0.344139650872818
510176,0.0325
510177,0.011098130841121495
510178,0.04798464491362764
510179,0.2662993572084481
510180,0.02127659574468085
510181,0.06825938566552901
510182,0.03548153511947864
510183,0.03548153511947864
510184,0.11844484629294756
510185,0.1518987341772152
510186,0.14396887159533073
510187,0.1493670886075949
510188,0.344139650872818
510189,0.09142857142857143
510190,0.011098130841121495
510191,0.344139650872818
510192,0.04798464491362764
510193,0.0071174377224199285
510194,0.14396887159533073
510195,0.0710172744721689
510196,0.03296703296703297
510197,0.8888888888888888
510198,0.6058823529411764
510199,0.09887640449438202
510200,0.03548153511947864
510201,0.2662993572084481
510202,0.04798464491362764
510203,0.09887640449438202
510204,0.2662993572084481
510205,0.09142857142857143
510206,0.0015151515151515152
510207,0.023809523809523808
510208,0.05263157894736842
510209,0.5946745562130178
510210,0.7222222222222222
510211,0.09887640449438202
510212,0.011098130841121495
510213,0.011098130841121495
510214,0.04081632653061224
510215,0.09887640449438202
510216,0.14396887159533073
510217,0.03548153511947864
510218,0.03548153511947864
510219,0.11844484629294756
510220,0.344139650872818
510221,0.2662993572084481
510222,0.1493670886075949
510223,0.011098130841121495
510224,0.023809523809523808
510225,0.1493670886075949
510226,0.03548153511947864
510227,0.0710172744721689
510228,0.0071174377224199285
510229,0.011098130841121495
510230,0.008130081300813009
510231,0.11844484629294756
510232,0.0071174377224199285
510233,0.256
510234,0.15853658536585366
510235,0.09142857142857143
510236,0.11844484629294756
510237,0.0071174377224199285
510238,0.11844484629294756
510239,0.11844484629294756
510240,0.1493670886075949
510241,0.11844484629294756
510242,0.0071174377224199285
510243,0.04798464491362764
510244,0.023809523809523808
510245,0.11844484629294756
510246,0.011098130841121495
510247,0.05263157894736842
510248,0.011098130841121495
510249,0.23737433916465325
510250,0.04081632653061224
510251,0.09142857142857143
510252,0.2662993572084481
510253,0.11844484629294756
510254,0.09142857142857143
510255,0.6058823529411764
510256,0.3975409836065574
510257,0.49212598425196863
510258,0.0071174377224199285
510259,0.09887640449438202
510260,0.09887640449438202
510261,0.011098130841121495
510262,0.11844484629294756
510263,0.5946745562130178
510264,0.011098130841121495
510265,0.023809523809523808
510266,0.1493670886075949
510267,0.09142857142857143
510268,0.07920792079207921
510269,0.09887640449438202
510270,0.0015151515151515152
510271,0.09887640449438202
510272,0.04798464491362764
510273,0.03548153511947864
510274,0.04081632653061224
510275,0.6058823529411764
510276,0.023809523809523808
510277,0.344139650872818
510278,0.49212598425196863
510279,0.0710172744721689
510280,0.023809523809523808
510281,0.3975409836065574
510282,0.7222222222222222
510283,0.0710172744721689
510284,0.1518987341772152
510285,0.256
510286,0.1518987341772152
510287,0.2662993572084481
510288,0.37572254335260113
510289,0.11844484629294756
510290,0.11844484629294756
510291,0.15853658536585366
510292,0.0710172744721689
510293,0.023809523809523808
510294,0.6582278481012658
510295,0.6058823529411764
510296,0.011098130841121495
510297,0.06310679611650485
510298,0.011098130841121495
510299,0.3975409836065574
510300,0.03548153511947864
510301,0.0325
510302,0.03548153511947864
510303,0.023809523809523808
510304,0.04081632653061224
510305,0.0325
510306,0.09887640449438202
510307,0.2662993572084481
510308,0.5946745562130178
510309,0.03548153511947864
510310,0.11844484629294756
510311,0.02127659574468085
510312,0.04798464491362764
510313,0.1493670886075949
510314,0.11844484629294756
510315,0.011098130841121495
510316,0.011098130841121495
510317,0.023809523809523808
510318,0.23397435897435898
510319,0.09142857142857143
510320,0.011098130841121495
510321,0.06310679611650485
510322,0.344139650872818
510323,0.0015151515151515152
510324,0.008130081300813009
510325,0.011098130841121495
510326,0.04798464491362764
510327,0.13559322033898305
510328,0.03548153511947864
510329,0.6363636363636364
510330,0.2662993572084481
510331,0.02127659574468085
510332,0.15853658536585366
510333,0.0325
510334,0.09887640449438202
510335,0.0071174377224199285
510336,0.0015151515151515152
510337,0.7222222222222222
510338,0.256
510339,0.15853658536585366
510340,0.008130081300813009
510341,0.03548153511947864
510342,0.09142857142857143
510343,0.06310679611650485
510344,0.0710172744721689
510345,0.3975409836065574
510346,0.0071174377224199285
510347,0.2662993572084481
510348,0.03296703296703297
510349,0.0325
510350,0.7222222222222222
510351,0.0325
510352,0.09887640449438202
510353,0.11844484629294756
510354,0.09142857142857143
510355,0.1493670886075949
510356,0.8888888888888888
510357,0.2662993572084481
510358,0.11844484629294756
510359,0.04798464491362764
510360,0.09887640449438202
510361,0.011098130841121495
510362,0.0015151515151515152
510363,0.18421052631578946
510364,0.2662993572084481
510365,0.18421052631578946
510366,0.011098130841121495
510367,0.02127659574468085
510368,0.011098130841121495
510369,0.15853658536585366
510370,0.0821917808219178
510371,0.06593406593406594
510372,0.04798464491362764
510373,0.2662993572084481
510374,0.11844484629294756
510375,0.3975409836065574
510376,0.1493670886075949
510377,0.09142857142857143
510378,0.11844484629294756
510379,0.011098130841121495
510380,0.06310679611650485
510381,0.2662993572084481
510382,0.13559322033898305
510383,0.2662993572084481
510384,0.0325
510385,0.011098130841121495
510386,0.04798464491362764
510387,0.011098130841121495
510388,0.0325
510389,0.0071174377224199285
510390,0.023809523809523808
510391,0.04798464491362764
510392,0.11844484629294756
510393,0.5946745562130178
510394,0.04798464491362764
510395,0.1518987341772152
510396,0.03548153511947864
510397,0.09142857142857143
510398,0.04798464491362764
510399,0.37572254335260113
510400,0.11844484629294756
510401,0.15853658536585366
510402,0.06310679611650485
510403,0.0028011204481792717
510404,0.09142857142857143
510405,0.008130081300813009
510406,0.49212598425196863
510407,0.06593406593406594
510408,0.03548153511947864
510409,0.0071174377224199285
510410,0.02127659574468085
510411,0.0710172744721689
510412,0.023809523809523808
510413,0.09887640449438202
510414,0.008130081300813009
510415,0.0710172744721689
510416,0.008130081300813009
510417,0.0071174377224199285
510418,0.2662993572084481
510419,0.1493670886075949
510420,0.7222222222222222
510421,0.2662993572084481
510422,0.23397435897435898
510423,0.43805309734513276
510424,0.3975409836065574
510425,0.03548153511947864
510426,0.011098130841121495
510427,0.11844484629294756
510428,0.1493670886075949
510429,0.256
510430,0.03548153511947864
510431,0.011098130841121495
510432,0.43805309734513276
510433,0.0015151515151515152
510434,0.344139650872818
510435,0.1493670886075949
510436,0.023809523809523808
510437,0.1493670886075949
510438,0.3975409836065574
510439,0.2662993572084481
510440,0.344139650872818
510441,0.1493670886075949
510442,0.11844484629294756
510443,0.09887640449438202
510444,0.008130081300813009
510445,0.43805309734513276
510446,0.09887640449438202
510447,0.04798464491362764
510448,0.04798464491362764
510449,0.023809523809523808
510450,0.2662993572084481
510451,0.04798464491362764
510452,0.06825938566552901
510453,0.2662993572084481
510454,0.03296703296703297
510455,0.04798464491362764
510456,0.0325
510457,0.008130081300813009
510458,0.1493670886075949
510459,0.011098130841121495
510460,0.0710172744721689
510461,0.1493670886075949
510462,0.7222222222222222
510463,0.008130081300813009
510464,0.0325
510465,0.7222222222222222
510466,0.09142857142857143
510467,0.0028011204481792717
510468,0.1493670886075949
510469,0.04081632653061224
510470,0.03548153511947864
510471,0.008130081300813009
510472,0.023809523809523808
510473,0.23397435897435898
510474,0.0071174377224199285
510475,0.3975409836065574
510476,0.0325
510477,0.011098130841121495
510478,0.09142857142857143
510479,0.1493670886075949
510480,0.7222222222222222
510481,0.0071174377224199285
510482,0.14396887159533073
510483,0.0071174377224199285
510484,0.11844484629294756
510485,0.0071174377224199285
510486,0.344139650872818
510487,0.023809523809523808
510488,0.23397435897435898
510489,0.04798464491362764
510490,0.011098130841121495
510491,0.09142857142857143
510492,0.008130081300813009
510493,0.6058823529411764
510494,0.49212598425196863
510495,0.011098130841121495
510496,0.0071174377224199285
510497,0.37572254335260113
510498,0.5946745562130178
510499,0.011098130841121495
510500,0.5946745562130178
510501,0.03548153511947864
510502,0.09887640449438202
510503,0.5946745562130178
510504,0.06310679611650485
510505,0.15853658536585366
510506,0.6058823529411764
510507,0.11844484629294756
510508,0.23397435897435898
510509,0.011098130841121495
510510,0.06825938566552901
510511,0.09887640449438202
510512,0.22627737226277372
510513,0.344139650872818
510514,0.09142857142857143
510515,0.11844484629294756
510516,0.04798464491362764
510517,0.0821917808219178
510518,0.45614035087719296
510519,0.03548153511947864
510520,0.011098130841121495
510521,0.09142857142857143
510522,0.0071174377224199285
510523,0.03296703296703297
510524,0.3975409836065574
510525,0.0071174377224199285
510526,0.0071174377224199285
510527,0.2662993572084481
510528,0.06825938566552901
510529,0.344139650872818
510530,0.09142857142857143
510531,0.15853658536585366
510532,0.04081632653061224
510533,0.15853658536585366
510534,0.344139650872818
510535,0.11844484629294756
510536,0.06310679611650485
510537,0.03548153511947864
510538,0.06310679611650485
510539,0.1493670886075949
510540,0.008130081300813009
510541,0.04798464491362764
510542,0.03548153511947864
510543,0.0071174377224199285
510544,0.8064516129032258
510545,0.04798464491362764
510546,0.04798464491362764
510547,0.09142857142857143
510548,0.023809523809523808
510549,0.03548153511947864
510550,0.011098130841121495
510551,0.0325
510552,0.3975409836065574
510553,0.06310679611650485
510554,0.2662993572084481
510555,0.2662993572084481
510556,0.011098130841121495
510557,0.0821917808219178
510558,0.09142857142857143
510559,0.023809523809523808
510560,0.11844484629294756
510561,0.0071174377224199285
510562,0.04798464491362764
510563,0.0015151515151515152
510564,0.09887640449438202
510565,0.09887640449438202
510566,0.11844484629294756
510567,0.06310679611650485
510568,0.15853658536585366
510569,0.07920792079207921
510570,0.11844484629294756
510571,0.011098130841121495
510572,0.0015151515151515152
510573,0.09142857142857143
510574,0.011098130841121495
510575,0.43805309734513276
510576,0.04798464491362764
510577,0.2662993572084481
510578,0.11844484629294756
510579,0.04798464491362764
510580,0.008130081300813009
510581,0.008130081300813009
510582,0.011098130841121495
510583,0.11844484629294756
510584,0.0071174377224199285
510585,0.03296703296703297
510586,0.5946745562130178
510587,0.04798464491362764
510588,0.49212598425196863
510589,0.0071174377224199285
510590,0.011098130841121495
510591,0.1493670886075949
510592,0.0028011204481792717
510593,0.1493670886075949
510594,0.04798464491362764
510595,0.2662993572084481
510596,0.0028011204481792717
510597,0.1493670886075949
510598,0.23397435897435898
510599,0.3975409836065574
510600,0.023809523809523808
510601,0.09142857142857143
510602,0.1493670886075949
510603,0.0071174377224199285
510604,0.023809523809523808
510605,0.2662993572084481
510606,0.37572254335260113
510607,0.04798464491362764
510608,0.011098130841121495
510609,0.04798464491362764
510610,0.011098130841121495
510611,0.02127659574468085
510612,0.23397435897435898
510613,0.04798464491362764
510614,0.011098130841121495
510615,0.11844484629294756
510616,0.09887640449438202
510617,0.49212598425196863
510618,0.09887640449438202
510619,0.0710172744721689
510620,0.03548153511947864
510621,0.06825938566552901
510622,0.14396887159533073
510623,0.6582278481012658
510624,0.5946745562130178
510625,0.011098130841121495
510626,0.09887640449438202
510627,0.011098130841121495
510628,0.5946745562130178
510629,0.008130081300813009
510630,0.2662993572084481
510631,0.2662993572084481
510632,0.09142857142857143
510633,0.2662993572084481
510634,0.011098130841121495
510635,0.22627737226277372
510636,0.04081632653061224
510637,0.023809523809523808
510638,0.14396887159533073
510639,0.023809523809523808
510640,0.05263157894736842
510641,0.11844484629294756
510642,0.008130081300813009
510643,0.011098130841121495
510644,0.0071174377224199285
510645,0.2662993572084481
510646,0.011098130841121495
510647,0.0710172744721689
510648,0.1493670886075949
510649,0.43805309734513276
510650,0.04798464491362764
510651,0.008130081300813009
510652,0.0710172744721689
510653,0.06310679611650485
510654,0.2662993572084481
510655,0.04798464491362764
510656,0.04798464491362764
510657,0.011098130841121495
510658,0.0071174377224199285
510659,0.04798464491362764
510660,0.1493670886075949
510661,0.6058823529411764
510662,0.0071174377224199285
510663,0.0015151515151515152
510664,0.1493670886075949
510665,0.0710172744721689
510666,0.04798464491362764
510667,0.04081632653061224
510668,0.38461538461538464
510669,0.2662993572084481
510670,0.344139650872818
510671,0.09142857142857143
510672,0.04798464491362764
510673,0.0015151515151515152
510674,0.256
510675,0.023809523809523808
510676,0.011098130841121495
510677,0.0325
510678,0.09142857142857143
510679,0.03548153511947864
510680,0.008130081300813009
510681,0.0071174377224199285
510682,0.09887640449438202
510683,0.0710172744721689
510684,0.011098130841121495
510685,0.0071174377224199285
510686,0.09887640449438202
510687,0.0821917808219178
510688,0.2662993572084481
510689,0.43805309734513276
510690,0.11844484629294756
510691,0.344139650872818
510692,0.03548153511947864
510693,0.008130081300813009
510694,0.0325
510695,0.0325
510696,0.25941704443342634
510697,0.09142857142857143
510698,0.2662993572084481
510699,0.06593406593406594
510700,0.0710172744721689
510701,0.04798464491362764
510702,0.008130081300813009
510703,0.0071174377224199285
510704,0.06593406593406594
510705,0.11844484629294756
510706,0.03548153511947864
510707,0.15853658536585366
510708,0.6582278481012658
510709,0.09887640449438202
510710,0.2662993572084481
510711,0.0710172744721689
510712,0.03548153511947864
510713,0.0071174377224199285
510714,0.11844484629294756
510715,0.15853658536585366
510716,0.0071174377224199285
510717,0.09142857142857143
510718,0.04798464491362764
510719,0.256
510720,0.22627737226277372
510721,0.43805309734513276
510722,0.04798464491362764
510723,0.14396887159533073
510724,0.04798464491362764
510725,0.2662993572084481
510726,0.04798464491362764
510727,0.0015151515151515152
510728,0.2662993572084481
510729,0.0071174377224199285
510730,0.04798464491362764
510731,0.04798464491362764
510732,0.0325
510733,0.0710172744721689
510734,0.023809523809523808
510735,0.11844484629294756
510736,0.344139650872818
510737,0.09887640449438202
510738,0.14396887159533073
510739,0.023809523809523808
510740,0.0071174377224199285
510741,0.0071174377224199285
510742,0.0325
510743,0.04081632653061224
510744,0.04798464491362764
510745,0.37572254335260113
510746,0.011098130841121495
510747,0.15853658536585366
510748,0.14396887159533073
510749,0.1493670886075949
510750,0.5946745562130178
510751,0.04798464491362764
510752,0.09142857142857143
510753,0.7222222222222222
510754,0.09887640449438202
510755,0.09887640449438202
510756,0.14396887159533073
510757,0.22627737226277372
510758,0.5946745562130178
510759,0.344139650872818
510760,0.43805309734513276
510761,0.04798464491362764
510762,0.09142857142857143
510763,0.008130081300813009
510764,0.0071174377224199285
510765,0.011098130841121495
510766,0.1493670886075949
510767,0.0710172744721689
510768,0.0710172744721689
510769,0.6058823529411764
510770,0.03296703296703297
510771,0.04798464491362764
510772,0.04081632653061224
510773,0.2662993572084481
510774,0.15853658536585366
510775,0.2662993572084481
510776,0.04798464491362764
510777,0.11844484629294756
510778,0.09887640449438202
510779,0.0015151515151515152
510780,0.2662993572084481
510781,0.04081632653061224
510782,0.0071174377224199285
510783,0.04081632653061224
510784,0.18421052631578946
510785,0.29411764705882354
510786,0.11844484629294756
510787,0.2662993572084481
510788,0.0028011204481792717
510789,0.03548153511947864
510790,0.008130081300813009
510791,0.11844484629294756
510792,0.011098130841121495
510793,0.0325
510794,0.03548153511947864
510795,0.14205808087100863
510796,0.11844484629294756
510797,0.344139650872818
510798,0.09142857142857143
510799,0.04081632653061224
510800,0.0710172744721689
510801,0.1493670886075949
510802,0.1493670886075949
510803,0.3975409836065574
510804,0.1493670886075949
510805,0.03548153511947864
510806,0.04798464491362764
510807,0.0028011204481792717
510808,0.11844484629294756
510809,0.011098130841121495
510810,0.008130081300813009
510811,0.0325
510812,0.0071174377224199285
510813,0.011098130841121495
510814,0.11844484629294756
510815,0.09887640449438202
510816,0.023809523809523808
510817,0.008130081300813009
510818,0.09142857142857143
510819,0.02127659574468085
510820,0.0071174377224199285
510821,0.11844484629294756
510822,0.344139650872818
510823,0.49212598425196863
510824,0.04798464491362764
510825,0.09887640449438202
510826,0.0071174377224199285
510827,0.04798464491362764
510828,0.15853658536585366
510829,0.008130081300813009
510830,0.14396887159533073
510831,0.008130081300813009
510832,0.2662993572084481
510833,0.03548153511947864
510834,0.45614035087719296
510835,0.0015151515151515152
510836,0.0071174377224199285
510837,0.15853658536585366
510838,0.09142857142857143
510839,0.2662993572084481
510840,0.008130081300813009
510841,0.0325
510842,0.1493670886075949
510843,0.0325
510844,0.03548153511947864
510845,0.011098130841121495
510846,0.09142857142857143
510847,0.23397435897435898
510848,0.1493670886075949
510849,0.2662993572084481
510850,0.011098130841121495
510851,0.15853658536585366
510852,0.0071174377224199285
510853,0.23397435897435898
510854,0.1493670886075949
510855,0.0071174377224199285
510856,0.11844484629294756
510857,0.04798464491362764
510858,0.04081632653061224
510859,0.43805309734513276
510860,0.37572254335260113
510861,0.04798464491362764
510862,0.0325
510863,0.7222222222222222
510864,0.11844484629294756
510865,0.011098130841121495
510866,0.011098130841121495
510867,0.14396887159533073
510868,0.2662993572084481
510869,0.49212598425196863
510870,0.5946745562130178
510871,0.011098130841121495
510872,0.18421052631578946
510873,0.11844484629294756
510874,0.0325
510875,0.09887640449438202
510876,0.6058823529411764
510877,0.0325
510878,0.008130081300813009
510879,0.04798464491362764
510880,0.49212598425196863
510881,0.09887640449438202
510882,0.06310679611650485
510883,0.04798464491362764
510884,0.09887640449438202
510885,0.0071174377224199285
510886,0.011098130841121495
510887,0.02127659574468085
510888,0.2662993572084481
510889,0.023809523809523808
510890,0.2662993572084481
510891,0.0015151515151515152
510892,0.14396887159533073
510893,0.09142857142857143
510894,0.03548153511947864
510895,0.2662993572084481
510896,0.03548153511947864
510897,0.2662993572084481
510898,0.06825938566552901
510899,0.11844484629294756
510900,0.06825938566552901
510901,0.45614035087719296
510902,0.03548153511947864
510903,0.0325
510904,0.18461538461538463
510905,0.0071174377224199285
510906,0.09142857142857143
510907,0.1493670886075949
510908,0.0071174377224199285
510909,0.14396887159533073
510910,0.11844484629294756
510911,0.14396887159533073
510912,0.1493670886075949
510913,0.0710172744721689
510914,0.1493670886075949
510915,0.0325
510916,0.0325
510917,0.11844484629294756
510918,0.0710172744721689
510919,0.04798464491362764
510920,0.008130081300813009
510921,0.04798464491362764
510922,0.06825938566552901
510923,0.1493670886075949
510924,0.04798464491362764
510925,0.03548153511947864
510926,0.03548153511947864
510927,0.344139650872818
510928,0.011098130841121495
510929,0.0028011204481792717
510930,0.04798464491362764
510931,0.5946745562130178
510932,0.09142857142857143
510933,0.15853658536585366
510934,0.6058823529411764
510935,0.04798464491362764
510936,0.15853658536585366
510937,0.0015151515151515152
510938,0.011098130841121495
510939,0.09887640449438202
510940,0.5946745562130178
510941,0.23397435897435898
510942,0.18421052631578946
510943,0.5946745562130178
510944,0.04798464491362764
510945,0.09142857142857143
510946,0.3975409836065574
510947,0.0028011204481792717
510948,0.011098130841121495
510949,0.3103448275862069
510950,0.09887640449438202
510951,0.1493670886075949
510952,0.023809523809523808
510953,0.22627737226277372
510954,0.03548153511947864
510955,0.023809523809523808
510956,0.6582278481012658
510957,0.011098130841121495
510958,0.1493670886075949
510959,0.03548153511947864
510960,0.2662993572084481
510961,0.0071174377224199285
510962,0.09887640449438202
510963,0.18421052631578946
510964,0.09887640449438202
510965,0.14396887159533073
510966,0.11844484629294756
510967,0.3975409836065574
510968,0.1493670886075949
510969,0.11844484629294756
510970,0.0325
510971,0.14396887159533073
510972,0.023809523809523808
510973,0.008130081300813009
510974,0.0071174377224199285
510975,0.09887640449438202
510976,0.04081632653061224
510977,0.0071174377224199285
510978,0.04081632653061224
510979,0.011098130841121495
510980,0.2662993572084481
510981,0.04798464491362764
510982,0.2662993572084481
510983,0.0071174377224199285
510984,0.09142857142857143
510985,0.5946745562130178
510986,0.0071174377224199285
510987,0.49212598425196863
510988,0.03548153511947864
510989,0.0028011204481792717
510990,0.1493670886075949
510991,0.04798464491362764
510992,0.1493670886075949
510993,0.18421052631578946
510994,0.011098130841121495
510995,0.04798464491362764
510996,0.023809523809523808
510997,0.09142857142857143
510998,0.011098130841121495
510999,0.1493670886075949
511000,0.0015151515151515152
511001,0.03548153511947864
511002,0.344139650872818
511003,0.008130081300813009
511004,0.0071174377224199285
511005,0.04798464491362764
511006,0.1493670886075949
511007,0.11844484629294756
511008,0.04081632653061224
511009,0.09142857142857143
511010,0.011098130841121495
511011,0.03548153511947864
511012,0.03296703296703297
511013,0.1493670886075949
511014,0.09887640449438202
511015,0.09887640449438202
511016,0.15853658536585366
511017,0.0071174377224199285
511018,0.09887640449438202
511019,0.0015151515151515152
511020,0.008130081300813009
511021,0.7222222222222222
511022,0.29411764705882354
511023,0.023809523809523808
511024,0.1493670886075949
511025,0.06825938566552901
511026,0.023809523809523808
511027,0.23397435897435898
511028,0.1493670886075949
511029,0.11844484629294756
511030,0.011098130841121495
511031,0.04081632653061224
511032,0.011098130841121495
511033,0.5946745562130178
511034,0.0028011204481792717
511035,0.011098130841121495
511036,0.45614035087719296
511037,0.23397435897435898
511038,0.0325
511039,0.14396887159533073
511040,0.09887640449438202
511041,0.22627737226277372
511042,0.04081632653061224
511043,0.0015151515151515152
511044,0.04798464491362764
511045,0.09142857142857143
511046,0.0325
511047,0.011098130841121495
511048,0.04798464491362764
511049,0.11844484629294756
511050,0.011098130841121495
511051,0.008130081300813009
511052,0.14396887159533073
511053,0.0015151515151515152
511054,0.06310679611650485
511055,0.011098130841121495
511056,0.0028011204481792717
511057,0.008130081300813009
511058,0.0071174377224199285
511059,0.1493670886075949
511060,0.09142857142857143
511061,0.11844484629294756
511062,0.22627737226277372
511063,0.1493670886075949
511064,0.344139650872818
511065,0.2662993572084481
511066,0.2662993572084481
511067,0.09142857142857143
511068,0.02127659574468085
511069,0.011098130841121495
511070,0.23397435897435898
511071,0.1493670886075949
511072,0.0071174377224199285
511073,0.09142857142857143
511074,0.04081632653061224
511075,0.29411764705882354
511076,0.09887640449438202
511077,0.45614035087719296
511078,0.2662993572084481
511079,0.2662993572084481
511080,0.0325
511081,0.09142857142857143
511082,0.023809523809523808
511083,0.03296703296703297
511084,0.0028011204481792717
511085,0.23397435897435898
511086,0.3975409836065574
511087,0.2662993572084481
511088,0.09887640449438202
511089,0.38461538461538464
511090,0.0325
511091,0.011098130841121495
511092,0.14396887159533073
511093,0.09887640449438202
511094,0.7222222222222222
511095,0.344139650872818
511096,0.5946745562130178
511097,0.03548153511947864
511098,0.2662993572084481
511099,0.0028011204481792717
511100,0.15853658536585366
511101,0.06310679611650485
511102,0.011098130841121495
511103,0.04798464491362764
511104,0.03296703296703297
511105,0.11844484629294756
511106,0.344139650872818
511107,0.0071174377224199285
511108,0.04798464491362764
511109,0.0071174377224199285
511110,0.008130081300813009
511111,0.04798464491362764
511112,0.29411764705882354
511113,0.0710172744721689
511114,0.0015151515151515152
511115,0.0015151515151515152
511116,0.04798464491362764
511117,0.09142857142857143
511118,0.04798464491362764
511119,0.11844484629294756
511120,0.43805309734513276
511121,0.02127659574468085
511122,0.2662993572084481
511123,0.09887640449438202
511124,0.45614035087719296
511125,0.0071174377224199285
511126,0.023809523809523808
511127,0.02127659574468085
511128,0.04081632653061224
511129,0.09887640449438202
511130,0.2662993572084481
511131,0.43805309734513276
511132,0.1493670886075949
511133,0.09887640449438202
511134,0.13559322033898305
511135,0.23397435897435898
511136,0.04798464491362764
511137,0.09142857142857143
511138,0.04798464491362764
511139,0.04798464491362764
511140,0.0071174377224199285
511141,0.6058823529411764
511142,0.09887640449438202
511143,0.49212598425196863
511144,0.011098130841121495
511145,0.0015151515151515152
511146,0.04798464491362764
511147,0.09887640449438202
511148,0.6582278481012658
511149,0.1493670886075949
511150,0.008130081300813009
511151,0.04798464491362764
511152,0.15853658536585366
511153,0.09142857142857143
511154,0.0015151515151515152
511155,0.09142857142857143
511156,0.0028011204481792717
511157,0.008130081300813009
511158,0.008130081300813009
511159,0.43805309734513276
511160,0.09142857142857143
511161,0.09142857142857143
511162,0.008130081300813009
511163,0.6058823529411764
511164,0.06310679611650485
511165,0.011098130841121495
511166,0.49212598425196863
511167,0.09887640449438202
511168,0.011098130841121495
511169,0.07920792079207921
511170,0.11844484629294756
511171,0.0071174377224199285
511172,0.09887640449438202
511173,0.03548153511947864
511174,0.04081632653061224
511175,0.09142857142857143
511176,0.03548153511947864
511177,0.1493670886075949
511178,0.0028011204481792717
511179,0.023809523809523808
511180,0.023809523809523808
511181,0.04798464491362764
511182,0.011098130841121495
511183,0.09142857142857143
511184,0.04798464491362764
511185,0.03548153511947864
511186,0.011098130841121495
511187,0.14396887159533073
511188,0.011098130841121495
511189,0.03548153511947864
511190,0.06825938566552901
511191,0.2662993572084481
511192,0.011098130841121495
511193,0.2662993572084481
511194,0.344139650872818
511195,0.03548153511947864
511196,0.03548153511947864
511197,0.0071174377224199285
511198,0.011098130841121495
511199,0.011098130841121495
511200,0.011098130841121495
511201,0.09142857142857143
511202,0.02127659574468085
511203,0.03548153511947864
511204,0.0710172744721689
511205,0.09142857142857143
511206,0.0015151515151515152
511207,0.008130081300813009
511208,0.011098130841121495
511209,0.3975409836065574
511210,0.03548153511947864
511211,0.0325
511212,0.023809523809523808
511213,0.6582278481012658
511214,0.04798464491362764
511215,0.1493670886075949
511216,0.11844484629294756
511217,0.03548153511947864
511218,0.18421052631578946
511219,0.1493670886075949
511220,0.2662993572084481
511221,0.11844484629294756
511222,0.5946745562130178
511223,0.09142857142857143
511224,0.1493670886075949
511225,0.09887640449438202
511226,0.22627737226277372
511227,0.06310679611650485
511228,0.6058823529411764
511229,0.04798464491362764
511230,0.0071174377224199285
511231,0.03548153511947864
511232,0.04798464491362764
511233,0.0071174377224199285
511234,0.0325
511235,0.2662993572084481
511236,0.5946745562130178
511237,0.5946745562130178
511238,0.15853658536585366
511239,0.11844484629294756
511240,0.0325
511241,0.008130081300813009
511242,0.0015151515151515152
511243,0.2662993572084481
511244,0.06310679611650485
511245,0.023809523809523808
511246,0.7222222222222222
511247,0.09142857142857143
511248,0.2662993572084481
511249,0.03548153511947864
511250,0.11844484629294756
511251,0.03296703296703297
511252,0.5946745562130178
511253,0.03548153511947864
511254,0.7222222222222222
511255,0.06310679611650485
511256,0.11844484629294756
511257,0.49212598425196863
511258,0.023809523809523808
511259,0.008130081300813009
511260,0.0071174377224199285
511261,0.008130081300813009
511262,0.04798464491362764
511263,0.14396887159533073
511264,0.2662993572084481
511265,0.1493670886075949
511266,0.0071174377224199285
511267,0.2662993572084481
511268,0.2662993572084481
511269,0.0028011204481792717
511270,0.0071174377224199285
511271,0.023809523809523808
511272,0.023809523809523808
511273,0.0071174377224199285
511274,0.09142857142857143
511275,0.02127659574468085
511276,0.03296703296703297
511277,0.0028011204481792717
511278,0.0071174377224199285
511279,0.5946745562130178
511280,0.0015151515151515152
511281,0.0325
511282,0.008130081300813009
511283,0.02127659574468085
511284,0.2662993572084481
511285,0.03548153511947864
511286,0.0071174377224199285
511287,0.0028011204481792717
511288,0.2662993572084481
511289,0.03296703296703297
511290,0.04081632653061224
511291,0.011098130841121495
511292,0.22627737226277372
511293,0.14396887159533073
511294,0.03548153511947864
511295,0.0015151515151515152
511296,0.1493670886075949
511297,0.1493670886075949
511298,0.023809523809523808
511299,0.011098130841121495
511300,0.023809523809523808
511301,0.09887640449438202
511302,0.0325
511303,0.09887640449438202
511304,0.5946745562130178
511305,0.04798464491362764
511306,0.03296703296703297
511307,0.0071174377224199285
511308,0.5946745562130178
511309,0.008130081300813009
511310,0.0325
511311,0.1493670886075949
511312,0.18461538461538463
511313,0.1493670886075949
511314,0.22627737226277372
511315,0.0071174377224199285
511316,0.5946745562130178
511317,0.29411764705882354
511318,0.023809523809523808
511319,0.06825938566552901
511320,0.04798464491362764
511321,0.22627737226277372
511322,0.256
511323,0.344139650872818
511324,0.11844484629294756
511325,0.04798464491362764
511326,0.07920792079207921
511327,0.6058823529411764
511328,0.1493670886075949
511329,0.03548153511947864
511330,0.2662993572084481
511331,0.23397435897435898
511332,0.0325
511333,0.2662993572084481
511334,0.2662993572084481
511335,0.23397435897435898
511336,0.03548153511947864
511337,0.04081632653061224
511338,0.023809523809523808
511339,0.0071174377224199285
511340,0.09142857142857143
511341,0.43805309734513276
511342,0.06310679611650485
511343,0.011098130841121495
511344,0.0071174377224199285
511345,0.11844484629294756
511346,0.49212598425196863
511347,0.1493670886075949
511348,0.344139650872818
511349,0.11844484629294756
511350,0.008130081300813009
511351,0.09142857142857143
511352,0.1493670886075949
511353,0.0071174377224199285
511354,0.1493670886075949
511355,0.011098130841121495
511356,0.11844484629294756
511357,0.04798464491362764
511358,0.03296703296703297
511359,0.11844484629294756
511360,0.3975409836065574
511361,0.04081632653061224
511362,0.011098130841121495
511363,0.1493670886075949
511364,0.04081632653061224
511365,0.2662993572084481
511366,0.2662993572084481
511367,0.344139650872818
511368,0.11844484629294756
511369,0.5946745562130178
511370,0.011098130841121495
511371,0.011098130841121495
511372,0.04798464491362764
511373,0.04081632653061224
511374,0.03548153511947864
511375,0.3975409836065574
511376,0.2662993572084481
511377,0.011098130841121495
511378,0.04798464491362764
511379,0.0071174377224199285
511380,0.03548153511947864
511381,0.09142857142857143
511382,0.04798464491362764
511383,0.2662993572084481
511384,0.023809523809523808
511385,0.0028011204481792717
511386,0.06310679611650485
511387,0.04081632653061224
511388,0.11844484629294756
511389,0.03548153511947864
511390,0.6058823529411764
511391,0.256
511392,0.11844484629294756
511393,0.011098130841121495
511394,0.0325
511395,0.02127659574468085
511396,0.5946745562130178
511397,0.011098130841121495
511398,0.03548153511947864
511399,0.45614035087719296
511400,0.1493670886075949
511401,0.09887640449438202
511402,0.0325
511403,0.14396887159533073
511404,0.14396887159533073
511405,0.2662993572084481
511406,0.09887640449438202
511407,0.2662993572084481
511408,0.5555555555555556
511409,0.29411764705882354
511410,0.2662993572084481
511411,0.09142857142857143
511412,0.011098130841121495
511413,0.06825938566552901
511414,0.29411764705882354
511415,0.06825938566552901
511416,0.45614035087719296
511417,0.09142857142857143
511418,0.2662993572084481
511419,0.09142857142857143
511420,0.06825938566552901
511421,0.0071174377224199285
511422,0.1493670886075949
511423,0.0071174377224199285
511424,0.04798464491362764
511425,0.07920792079207921
511426,0.03548153511947864
511427,0.1493670886075949
511428,0.6582278481012658
511429,0.0710172744721689
511430,0.008130081300813009
511431,0.011098130841121495
511432,0.23397435897435898
511433,0.011098130841121495
511434,0.37572254335260113
511435,0.3975409836065574
511436,0.0071174377224199285
511437,0.0071174377224199285
511438,0.03548153511947864
511439,0.344139650872818
511440,0.1493670886075949
511441,0.06825938566552901
511442,0.37572254335260113
511443,0.5946745562130178
511444,0.06310679611650485
511445,0.0071174377224199285
511446,0.256
511447,0.11844484629294756
511448,0.023809523809523808
511449,0.008130081300813009
511450,0.03548153511947864
511451,0.0710172744721689
511452,0.14396887159533073
511453,0.6058823529411764
511454,0.0015151515151515152
511455,0.0071174377224199285
511456,0.011098130841121495
511457,0.06310679611650485
511458,0.344139650872818
511459,0.0071174377224199285
511460,0.03548153511947864
511461,0.0015151515151515152
511462,0.1493670886075949
511463,0.5946745562130178
511464,0.023809523809523808
511465,0.0071174377224199285
511466,0.5757575757575758
511467,0.011098130841121495
511468,0.2662993572084481
511469,0.06825938566552901
511470,0.11844484629294756
511471,0.09887640449438202
511472,0.03548153511947864
511473,0.06825938566552901
511474,0.11844484629294756
511475,0.11844484629294756
511476,0.5946745562130178
511477,0.43805309734513276
511478,0.04798464491362764
511479,0.22627737226277372
511480,0.04798464491362764
511481,0.23397435897435898
511482,0.04798464491362764
511483,0.03548153511947864
511484,0.06593406593406594
511485,0.023809523809523808
511486,0.04798464491362764
511487,0.0710172744721689
511488,0.22627737226277372
511489,0.0071174377224199285
511490,0.0071174377224199285
511491,0.23397435897435898
511492,0.23397435897435898
511493,0.29411764705882354
511494,0.14396887159533073
511495,0.2662993572084481
511496,0.06310679611650485
511497,0.06825938566552901
511498,0.5946745562130178
511499,0.15853658536585366
511500,0.04798464491362764
511501,0.011098130841121495
511502,0.03548153511947864
511503,0.0071174377224199285
511504,0.04798464491362764
511505,0.0071174377224199285
511506,0.03548153511947864
511507,0.29411764705882354
511508,0.344139650872818
511509,0.03548153511947864
511510,0.04081632653061224
511511,0.03296703296703297
511512,0.09142857142857143
511513,0.11844484629294756
511514,0.09142857142857143
511515,0.2662993572084481
511516,0.5946745562130178
511517,0.0015151515151515152
511518,0.0071174377224199285
511519,0.0710172744721689
511520,0.09887640449438202
511521,0.04798464491362764
511522,0.03548153511947864
511523,0.1493670886075949
511524,0.008130081300813009
511525,0.0071174377224199285
511526,0.011098130841121495
511527,0.0028011204481792717
511528,0.008130081300813009
511529,0.0325
511530,0.1493670886075949
511531,0.38461538461538464
511532,0.06310679611650485
511533,0.04798464491362764
511534,0.03548153511947864
511535,0.011098130841121495
511536,0.03548153511947864
511537,0.43805309734513276
511538,0.023809523809523808
511539,0.011098130841121495
511540,0.09142857142857143
511541,0.04798464491362764
511542,0.11844484629294756
511543,0.04798464491362764
511544,0.3975409836065574
511545,0.1493670886075949
511546,0.09142857142857143
511547,0.09887640449438202
511548,0.1493670886075949
511549,0.008130081300813009
511550,0.2662993572084481
511551,0.43805309734513276
511552,0.09142857142857143
511553,0.22627737226277372
511554,0.18421052631578946
511555,0.0325
511556,0.06825938566552901
511557,0.011098130841121495
511558,0.05263157894736842
511559,0.1493670886075949
511560,0.06310679611650485
511561,0.0071174377224199285
511562,0.2662993572084481
511563,0.11844484629294756
511564,0.37572254335260113
511565,0.256
511566,0.09887640449438202
511567,0.0028011204481792717
511568,0.03548153511947864
511569,0.37572254335260113
511570,0.07920792079207921
511571,0.11844484629294756
511572,0.11844484629294756
511573,0.06593406593406594
511574,0.011098130841121495
511575,0.011098130841121495
511576,0.03548153511947864
511577,0.2662993572084481
511578,0.0325
511579,0.14396887159533073
511580,0.04798464491362764
511581,0.344139650872818
511582,0.344139650872818
511583,0.0071174377224199285
511584,0.0015151515151515152
511585,0.04798464491362764
511586,0.3975409836065574
511587,0.023809523809523808
511588,0.43805309734513276
511589,0.023809523809523808
511590,0.15853658536585366
511591,0.344139650872818
511592,0.3103448275862069
511593,0.5946745562130178
511594,0.22627737226277372
511595,0.09142857142857143
511596,0.2662993572084481
511597,0.0071174377224199285
511598,0.0071174377224199285
511599,0.03548153511947864
511600,0.49212598425196863
511601,0.09142857142857143
511602,0.06825938566552901
511603,0.0325
511604,0.344139650872818
511605,0.09536644868876736
511606,0.03548153511947864
511607,0.0325
511608,0.11844484629294756
511609,0.0071174377224199285
511610,0.1493670886075949
511611,0.03296703296703297
511612,0.0071174377224199285
511613,0.008130081300813009
511614,0.11844484629294756
511615,0.03548153511947864
511616,0.0015151515151515152
511617,0.09142857142857143
511618,0.11844484629294756
511619,0.49212598425196863
511620,0.5946745562130178
511621,0.49212598425196863
511622,0.1518987341772152
511623,0.45614035087719296
511624,0.0071174377224199285
511625,0.7222222222222222
511626,0.09887640449438202
511627,0.14396887159533073
511628,0.03548153511947864
511629,0.0071174377224199285
511630,0.0015151515151515152
511631,0.04798464491362764
511632,0.5946745562130178
511633,0.09142857142857143
511634,0.2662993572084481
511635,0.09142857142857143
511636,0.3975409836065574
511637,0.6058823529411764
511638,0.023809523809523808
511639,0.45614035087719296
511640,0.023809523809523808
511641,0.06825938566552901
511642,0.011098130841121495
511643,0.023809523809523808
511644,0.04798464491362764
511645,0.0028011204481792717
511646,0.49212598425196863
511647,0.344139650872818
511648,0.0015151515151515152
511649,0.04081632653061224
511650,0.15853658536585366
511651,0.2662993572084481
511652,0.06310679611650485
511653,0.3103448275862069
511654,0.22627737226277372
511655,0.11844484629294756
511656,0.011098130841121495
511657,0.03548153511947864
511658,0.011098130841121495
511659,0.04798464491362764
511660,0.11844484629294756
511661,0.0071174377224199285
511662,0.43805309734513276
511663,0.1518987341772152
511664,0.04798464491362764
511665,0.0710172744721689
511666,0.060766626647130256
511667,0.0028011204481792717
511668,0.2662993572084481
511669,0.011098130841121495
511670,0.11844484629294756
511671,0.0710172744721689
511672,0.14396887159533073
511673,0.05263157894736842
511674,0.15853658536585366
511675,0.22627737226277372
511676,0.5946745562130178
511677,0.0821917808219178
511678,0.04081632653061224
511679,0.45614035087719296
511680,0.0325
511681,0.0071174377224199285
511682,0.09887640449438202
511683,0.011098130841121495
511684,0.5757575757575758
511685,0.0071174377224199285
511686,0.14396887159533073
511687,0.1493670886075949
511688,0.0071174377224199285
511689,0.06825938566552901
511690,0.06825938566552901
511691,0.2662993572084481
511692,0.04798464491362764
511693,0.14396887159533073
511694,0.04798464491362764
511695,0.344139650872818
511696,0.03548153511947864
511697,0.03548153511947864
511698,0.0071174377224199285
511699,0.11844484629294756
511700,0.04798464491362764
511701,0.11844484629294756
511702,0.49212598425196863
511703,0.09887640449438202
511704,0.1493670886075949
511705,0.09887640449438202
511706,0.2662993572084481
511707,0.1493670886075949
511708,0.1493670886075949
511709,0.03548153511947864
511710,0.0071174377224199285
511711,0.0071174377224199285
511712,0.14396887159533073
511713,0.1518987341772152
511714,0.0325
511715,0.14396887159533073
511716,0.0071174377224199285
511717,0.5946745562130178
511718,0.7222222222222222
511719,0.0325
511720,0.22627737226277372
511721,0.09887640449438202
511722,0.04798464491362764
511723,0.10233440779853521
511724,0.22627737226277372
511725,0.1493670886075949
511726,0.06310679611650485
511727,0.0710172744721689
511728,0.02127659574468085
511729,0.07920792079207921
511730,0.11844484629294756
511731,0.09142857142857143
511732,0.008130081300813009
511733,0.29411764705882354
511734,0.0071174377224199285
511735,0.008130081300813009
511736,0.1493670886075949
511737,0.02127659574468085
511738,0.2662993572084481
511739,0.09142857142857143
511740,0.49212598425196863
511741,0.04081632653061224
511742,0.09887640449438202
511743,0.09887640449438202
511744,0.0325
511745,0.09142857142857143
511746,0.49212598425196863
511747,0.0325
511748,0.2662993572084481
511749,0.14396887159533073
511750,0.1493670886075949
511751,0.14396887159533073
511752,0.0071174377224199285
511753,0.1493670886075949
511754,0.04798464491362764
511755,0.03548153511947864
511756,0.1493670886075949
511757,0.0710172744721689
511758,0.04798464491362764
511759,0.04081632653061224
511760,0.011098130841121495
511761,0.0710172744721689
511762,0.0015151515151515152
511763,0.03548153511947864
511764,0.09142857142857143
511765,0.09142857142857143
511766,0.11844484629294756
511767,0.344139650872818
511768,0.2662993572084481
511769,0.011098130841121495
511770,0.14396887159533073
511771,0.09887640449438202
511772,0.011098130841121495
511773,0.011098130841121495
511774,0.23397435897435898
511775,0.011098130841121495
511776,0.09142857142857143
511777,0.49212598425196863
511778,0.1493670886075949
511779,0.03548153511947864
511780,0.1493670886075949
511781,0.11844484629294756
511782,0.03548153511947864
511783,0.1493670886075949
511784,0.6058823529411764
511785,0.0071174377224199285
511786,0.03548153511947864
511787,0.03548153511947864
511788,0.04798464491362764
511789,0.03548153511947864
511790,0.011098130841121495
511791,0.0071174377224199285
511792,0.11844484629294756
511793,0.11844484629294756
511794,0.04081632653061224
511795,0.03296703296703297
511796,0.008130081300813009
511797,0.1493670886075949
511798,0.04798464491362764
511799,0.011098130841121495
511800,0.04081632653061224
511801,0.09142857142857143
511802,0.04081632653061224
511803,0.0071174377224199285
511804,0.22627737226277372
511805,0.0325
511806,0.011098130841121495
511807,0.0325
511808,0.09142857142857143
511809,0.011098130841121495
511810,0.09142857142857143
511811,0.6058823529411764
511812,0.04081632653061224
511813,0.11844484629294756
511814,0.09887640449438202
511815,0.29411764705882354
511816,0.04798464491362764
511817,0.23397435897435898
511818,0.0325
511819,0.1493670886075949
511820,0.04081632653061224
511821,0.344139650872818
511822,0.43805309734513276
511823,0.1518987341772152
511824,0.09142857142857143
511825,0.03548153511947864
511826,0.37572254335260113
511827,0.0071174377224199285
511828,0.11844484629294756
511829,0.09887640449438202
511830,0.09142857142857143
511831,0.011098130841121495
511832,0.09887640449438202
511833,0.09887640449438202
511834,0.09887640449438202
511835,0.344139650872818
511836,0.04081632653061224
511837,0.09887640449438202
511838,0.11844484629294756
511839,0.37572254335260113
511840,0.1493670886075949
511841,0.023809523809523808
511842,0.0071174377224199285
511843,0.3103448275862069
511844,0.2662993572084481
511845,0.09887640449438202
511846,0.49212598425196863
511847,0.04798464491362764
511848,0.03548153511947864
511849,0.2662993572084481
511850,0.06825938566552901
511851,0.011098130841121495
511852,0.023809523809523808
511853,0.2662993572084481
511854,0.5946745562130178
511855,0.6058823529411764
511856,0.43805309734513276
511857,0.011098130841121495
511858,0.0028011204481792717
511859,0.0325
511860,0.09142857142857143
511861,0.011098130841121495
511862,0.22627737226277372
511863,0.11844484629294756
511864,0.05263157894736842
511865,0.09142857142857143
511866,0.03548153511947864
511867,0.04798464491362764
511868,0.03296703296703297
511869,0.49212598425196863
511870,0.0071174377224199285
511871,0.11844484629294756
511872,0.23397435897435898
511873,0.15853658536585366
511874,0.14396887159533073
511875,0.0015151515151515152
511876,0.06825938566552901
511877,0.008130081300813009
511878,0.2662993572084481
511879,0.023809523809523808
511880,0.04798464491362764
511881,0.0015151515151515152
511882,0.09142857142857143
511883,0.344139650872818
511884,0.6582278481012658
511885,0.6058823529411764
511886,0.14396887159533073
511887,0.11844484629294756
511888,0.03548153511947864
511889,0.0015151515151515152
511890,0.344139650872818
511891,0.0071174377224199285
511892,0.1493670886075949
511893,0.2662993572084481
511894,0.03548153511947864
511895,0.6582278481012658
511896,0.0071174377224199285
511897,0.0071174377224199285
511898,0.06310679611650485
511899,0.11844484629294756
511900,0.0015151515151515152
511901,0.0071174377224199285
511902,0.04798464491362764
511903,0.0028011204481792717
511904,0.09887640449438202
511905,0.008130081300813009
511906,0.06825938566552901
511907,0.37572254335260113
511908,0.04798464491362764
511909,0.6058823529411764
511910,0.0325
511911,0.11844484629294756
511912,0.0071174377224199285
511913,0.03548153511947864
511914,0.0071174377224199285
511915,0.1493670886075949
511916,0.03548153511947864
511917,0.11844484629294756
511918,0.3975409836065574
511919,0.09887640449438202
511920,0.22627737226277372
511921,0.0325
511922,0.0710172744721689
511923,0.344139650872818
511924,0.0071174377224199285
511925,0.49212598425196863
511926,0.06593406593406594
511927,0.1493670886075949
511928,0.011098130841121495
511929,0.011098130841121495
511930,0.6058823529411764
511931,0.03548153511947864
511932,0.0071174377224199285
511933,0.3975409836065574
511934,0.11844484629294756
511935,0.18421052631578946
511936,0.023809523809523808
511937,0.04798464491362764
511938,0.11844484629294756
511939,0.2662993572084481
511940,0.023809523809523808
511941,0.09142857142857143
511942,0.04798464491362764
511943,0.04798464491362764
511944,0.2662993572084481
511945,0.0325
511946,0.0071174377224199285
511947,0.38461538461538464
511948,0.04081632653061224
511949,0.22627737226277372
511950,0.023809523809523808
511951,0.011098130841121495
511952,0.0015151515151515152
511953,0.0015151515151515152
511954,0.0710172744721689
511955,0.15853658536585366
511956,0.11844484629294756
511957,0.0015151515151515152
511958,0.49212598425196863
511959,0.011098130841121495
511960,0.5946745562130178
511961,0.03548153511947864
511962,0.008130081300813009
511963,0.008130081300813009
511964,0.09887640449438202
511965,0.2662993572084481
511966,0.008130081300813009
511967,0.008130081300813009
511968,0.011098130841121495
511969,0.344139650872818
511970,0.09887640449438202
511971,0.256
511972,0.03548153511947864
511973,0.11844484629294756
511974,0.43805309734513276
511975,0.04081632653061224
511976,0.011098130841121495
511977,0.0015151515151515152
511978,0.5946745562130178
511979,0.2662993572084481
511980,0.06310679611650485
511981,0.1493670886075949
511982,0.11844484629294756
511983,0.344139650872818
511984,0.011098130841121495
511985,0.1493670886075949
511986,0.04798464491362764
511987,0.04081632653061224
511988,0.5555555555555556
511989,0.09887640449438202
511990,0.23397435897435898
511991,0.0071174377224199285
511992,0.1493670886075949
511993,0.0071174377224199285
511994,0.03548153511947864
511995,0.02127659574468085
511996,0.09142857142857143
511997,0.011098130841121495
511998,0.008130081300813009
511999,0.09887640449438202
